family,scale,mode,tracker,dataset,fps_mean,fps_std,lat_mean,lat_std
rtdetr,l,nms,botsort,MOT17,23.859300704721015,0.9151177234962268,41.912376744643275,1.7195502433632945
rtdetr,l,nms,botsort,MOT20,23.616689332335373,1.7033987305897582,42.342937484926196,2.84755707007019
rtdetr,l,nms,botsort,SOMPT22,20.806521098129025,0.9480180562646195,48.06185499650504,2.181673925100572
rtdetr,l,nms,bytetrack,MOT17,46.152570147794094,1.142435931337285,21.66726569718016,0.5680956815732005
rtdetr,l,nms,bytetrack,MOT20,44.02498735126306,2.0644560320669854,22.714373363046757,1.086274204331117
rtdetr,l,nms,bytetrack,SOMPT22,37.16160472379678,1.2853258448405975,26.909494555805356,0.951292103600708
rtdetr,x,nms,botsort,MOT17,22.082368115340362,0.7878918149501373,45.28499818392719,1.7130963205648833
rtdetr,x,nms,botsort,MOT20,21.26050868652793,1.7509877228076214,47.035563200501706,4.109621439248043
rtdetr,x,nms,botsort,SOMPT22,19.79136494301879,1.2845965393237648,50.527086074108304,3.2755274958894667
rtdetr,x,nms,bytetrack,MOT17,38.039971866799334,0.6376466348830434,26.288137212656135,0.47206710477176195
rtdetr,x,nms,bytetrack,MOT20,36.532467082531866,1.2477851717915953,27.372911819529257,0.9422756541831542
rtdetr,x,nms,bytetrack,SOMPT22,33.505948929430915,0.8765587186693242,29.845446314807138,0.786892550992453
yolo11,l,nms,botsort,MOT17,30.632606884313795,1.971797704850789,32.64495260806795,2.501594619560297
yolo11,l,nms,botsort,MOT20,30.427644813203273,2.610576714952108,32.86485057055998,3.2318852805623073
yolo11,l,nms,botsort,SOMPT22,24.071735826865837,1.8616200446205085,41.54249644447851,2.961492067688843
yolo11,l,nms,bytetrack,MOT17,77.2546251726159,2.0577811175488465,12.944208812943222,0.3703967145069835
yolo11,l,nms,bytetrack,MOT20,69.3861265715604,4.210001353004288,14.412102957911396,0.8564912111032709
yolo11,l,nms,bytetrack,SOMPT22,57.92208837905233,2.0097122093462136,17.264570874168488,0.5747918700118086
yolo11,m,nms,botsort,MOT17,32.01496675183729,2.1538490802520296,31.235390864262307,2.5022811191924768
yolo11,m,nms,botsort,MOT20,30.479677169211474,3.148958817915595,32.8087464459805,3.9802325566804324
yolo11,m,nms,botsort,SOMPT22,25.422957873187354,1.6442898903380614,39.33452609991785,2.131480053039206
yolo11,m,nms,bytetrack,MOT17,90.36612230808444,3.98495814189425,11.066093957099417,0.6424738183020112
yolo11,m,nms,bytetrack,MOT20,83.36400944895536,3.278574625869608,11.995584264841655,0.4767977231955167
yolo11,m,nms,bytetrack,SOMPT22,65.6089243029649,1.810002972328614,15.241828922270711,0.3896139357357729
yolo11,n,nms,botsort,MOT17,34.73867539354888,2.6381381103626835,28.786359545122558,2.5489953443782536
yolo11,n,nms,botsort,MOT20,30.878805369979947,2.4054343941826914,32.38467252920962,2.332949419585352
yolo11,n,nms,botsort,SOMPT22,27.751383519614908,1.587957677701574,36.03423949271544,1.874147731244585
yolo11,n,nms,bytetrack,MOT17,96.14582381847895,9.137374562708564,10.400867768193203,1.1190203035204662
yolo11,n,nms,bytetrack,MOT20,80.15637437032686,7.840009159190072,12.47561417111938,1.1884926904138913
yolo11,n,nms,bytetrack,SOMPT22,66.09175540797744,6.215974884994535,15.13048025169108,1.4148034597592005
yolo11,s,nms,botsort,MOT17,33.713676424021415,2.0946650767889063,29.66155299774686,2.2459858964214696
yolo11,s,nms,botsort,MOT20,30.32841426025773,3.2853831061922723,32.97238000703509,3.7162059107880556
yolo11,s,nms,botsort,SOMPT22,26.66982439495871,1.38432616299257,37.495559970354584,1.695419249077369
yolo11,s,nms,bytetrack,MOT17,99.1436290594229,5.039874641999966,10.086376799871207,0.6665855979380544
yolo11,s,nms,bytetrack,MOT20,83.13798781589989,5.836483256523954,12.028195849704616,0.8767853688944518
yolo11,s,nms,bytetrack,SOMPT22,65.19270970707579,4.216432708798245,15.339138448044345,1.042099537787159
yolo11,x,nms,botsort,MOT17,29.06081967786629,1.99976984950964,34.41059168615378,2.041708981370679
yolo11,x,nms,botsort,MOT20,29.24607462773134,2.4514522026413164,34.19262286405413,2.9878413710680665
yolo11,x,nms,botsort,SOMPT22,23.877147006031603,0.9388754392810728,41.88105051861473,1.6153098142601412
yolo11,x,nms,bytetrack,MOT17,70.30727375952982,3.3338980424143787,14.223279420850174,0.7007435151156879
yolo11,x,nms,bytetrack,MOT20,64.28775907829487,2.563903733902531,15.555060781977462,0.6152329742047841
yolo11,x,nms,bytetrack,SOMPT22,56.47449553196642,1.529148651780938,17.707108148207666,0.47430119898172957
yolo26,l,end2end,botsort,MOT17,30.402810054148997,0.4843622606824216,32.89169646552235,0.5752389955679912
yolo26,l,end2end,botsort,MOT20,30.21871699146592,2.826906696114326,33.09207337566351,3.3713360640720373
yolo26,l,end2end,botsort,SOMPT22,25.59099818996423,1.2318192897121183,39.07624050366899,1.7796700213657652
yolo26,l,end2end,bytetrack,MOT17,73.77931860102314,3.9497075419016556,13.553933798273551,0.9212014605628774
yolo26,l,end2end,bytetrack,MOT20,70.39608877132328,1.3029874157808028,14.205334663526967,0.2639618501743873
yolo26,l,end2end,bytetrack,SOMPT22,57.266503060807274,3.3253237754322313,17.462215196520212,1.0485903731606747
yolo26,l,nms,botsort,MOT17,30.480937012074968,0.3651613284685123,32.80739038973283,0.4023408442005214
yolo26,l,nms,botsort,MOT20,29.682177176196227,2.8832295676082325,33.69025102383511,3.6815328243116916
yolo26,l,nms,botsort,SOMPT22,25.677450457832453,1.139244255117814,38.94467644450143,1.6346754084402766
yolo26,l,nms,bytetrack,MOT17,74.7995602255564,2.615223053861787,13.369062558449839,0.5383802560611974
yolo26,l,nms,bytetrack,MOT20,72.09012658361226,2.736095787377345,13.871525094912553,0.48341030850735794
yolo26,l,nms,bytetrack,SOMPT22,58.74316721022661,2.0092043720752417,17.023256448213942,0.6219318731037226
yolo26,m,end2end,botsort,MOT17,31.17816410189576,2.448587016850569,32.07372944512778,2.9513544048017315
yolo26,m,end2end,botsort,MOT20,35.3559363202933,1.778920759266083,28.28379344676069,2.341607563682791
yolo26,m,end2end,botsort,SOMPT22,25.502233742133864,1.8604636793131146,39.21225137027257,2.823195552840641
yolo26,m,end2end,bytetrack,MOT17,89.01495265261646,8.932898797632816,11.234067650437677,1.0303000858102775
yolo26,m,end2end,bytetrack,MOT20,86.64907277338254,3.1205529579404057,11.540804396318789,0.4287064695824198
yolo26,m,end2end,bytetrack,SOMPT22,67.49242530747244,1.1578540869211038,14.81647748535249,0.2815564891691235
yolo26,m,nms,botsort,MOT17,30.91027283722718,1.645881241443985,32.35170408446338,2.0378300577802198
yolo26,m,nms,botsort,MOT20,34.042768353194816,2.3924799248269863,29.374814340154945,2.6582896846070643
yolo26,m,nms,botsort,SOMPT22,25.485941785336067,1.4286566648719328,39.23731790737172,2.0959498671920627
yolo26,m,nms,bytetrack,MOT17,89.06582721844059,4.623890560356863,11.227650730143957,0.526587050747512
yolo26,m,nms,bytetrack,MOT20,85.34644466212896,2.7198022245033884,11.716949709607917,0.31577331723359386
yolo26,m,nms,bytetrack,SOMPT22,66.00568961822124,1.1622938113814685,15.150209107487978,0.27926204859462506
yolo26,n,end2end,botsort,MOT17,34.32621843120557,1.9822395498979288,29.132250673173818,1.9186977538635344
yolo26,n,end2end,botsort,MOT20,33.33762812590376,3.244987167091374,29.996135184644025,2.9539773853410387
yolo26,n,end2end,botsort,SOMPT22,27.360502556342688,1.3797509780513488,36.54903625913775,1.779013166400279
yolo26,n,end2end,bytetrack,MOT17,99.94458915418257,4.620840270338429,10.005544156645835,0.5085438038061051
yolo26,n,end2end,bytetrack,MOT20,87.43831813346365,5.549542917756323,11.43663351888385,0.7123740351759099
yolo26,n,end2end,bytetrack,SOMPT22,70.04653369398606,3.096711071327628,14.276223922353154,0.6291687083433591
yolo26,n,nms,botsort,MOT17,33.13915421189395,1.838463576365541,30.175785223905642,1.6989757877245726
yolo26,n,nms,botsort,MOT20,33.3489815755314,3.600323371075828,29.985923190341552,3.5072945427843756
yolo26,n,nms,botsort,SOMPT22,27.47416238915825,1.5994391739150453,36.39783392976582,2.1020770589782036
yolo26,n,nms,bytetrack,MOT17,99.22555075279762,10.09430800556668,10.07804937753702,0.8392247836712604
yolo26,n,nms,bytetrack,MOT20,87.56998334215214,3.5195824837983003,11.419438052109875,0.42848578675418825
yolo26,n,nms,bytetrack,SOMPT22,67.07919793711218,3.9829790991969354,14.907751296273934,0.915730325001665
yolo26,s,end2end,botsort,MOT17,34.03517844795806,0.6972855171334813,29.38136497591935,0.6301383039641469
yolo26,s,end2end,botsort,MOT20,35.63509417084123,1.9678559153010073,28.062224143587642,1.8014897847873919
yolo26,s,end2end,botsort,SOMPT22,26.4270866855726,1.4612441139193464,37.83996366674546,2.153233274226625
yolo26,s,end2end,bytetrack,MOT17,90.6163576184799,4.150409007792159,11.035535153711193,0.5352795249433129
yolo26,s,end2end,bytetrack,MOT20,91.68488262757137,3.7528651528972907,10.906923489906735,0.3889539936603814
yolo26,s,end2end,bytetrack,SOMPT22,66.38608360720238,2.945401145989702,15.063398014512604,0.6581324430583128
yolo26,s,nms,botsort,MOT17,32.31871846035425,1.4663347527122481,30.941820952050183,1.528254056199245
yolo26,s,nms,botsort,MOT20,35.490950864013556,2.510066097632286,28.17619634457191,2.088428764670089
yolo26,s,nms,botsort,SOMPT22,26.25223610062458,1.5478091740985926,38.091993236957386,2.161222858087397
yolo26,s,nms,bytetrack,MOT17,96.29731498368785,2.2985142452764245,10.384505530288083,0.2691394581392452
yolo26,s,nms,bytetrack,MOT20,87.62780982061824,2.783085845882262,11.411902249378219,0.33663650916023585
yolo26,s,nms,bytetrack,SOMPT22,65.3045027465701,3.4562485405603667,15.31287978534561,0.8237848519295806
yolo26,x,end2end,botsort,MOT17,28.9255153312397,1.0751215778288372,34.57155347272223,1.4477284954981045
yolo26,x,end2end,botsort,MOT20,30.88993585889677,1.415237023821434,32.37300344578038,1.2664684267607191
yolo26,x,end2end,botsort,SOMPT22,24.801567451482963,0.8063715203618648,40.32003227038809,1.3306295086403954
yolo26,x,end2end,bytetrack,MOT17,74.3694282204596,2.0960216102571105,13.446385482965061,0.42192992331260065
yolo26,x,end2end,bytetrack,MOT20,67.93737986587081,1.5536366555784022,14.71943725198567,0.340276258329387
yolo26,x,end2end,bytetrack,SOMPT22,59.58724483558608,1.079260191532431,16.78211507780253,0.3233333994827259
yolo26,x,nms,botsort,MOT17,29.193206036634614,1.169192581618893,34.254545346787125,1.5502510032226455
yolo26,x,nms,botsort,MOT20,29.49767322312632,1.8726733009267515,33.90097898352183,1.897828553682383
yolo26,x,nms,botsort,SOMPT22,25.06140117555539,0.35453036380068315,39.90199881463088,0.601409842657127
yolo26,x,nms,bytetrack,MOT17,71.9074676769802,2.8231005084017493,13.906761457546514,0.5989665416022157
yolo26,x,nms,bytetrack,MOT20,64.27011697440605,3.046036649471002,15.559330635701578,0.8415129516606608
yolo26,x,nms,bytetrack,SOMPT22,58.46964724753555,1.4508462107574844,17.10289093700919,0.4680675110278116
