dataset,sequence,family,scale,mode,tracker,density,HOTA,IDF1,MOTA,IDSW,Frag,FPS_mean,FPS_std,Lat_mean,Lat_std,Runs
MOT17,MOT17-02,rtdetr,l,nms,botsort,31.0,33.4496,37.2812,23.5518,25.2,77.2,22.238368859299236,1.965356284182548,44.9673268002225,3.827488826486131,5
MOT17,MOT17-02,rtdetr,l,nms,bytetrack,31.0,29.2964,33.8258,24.666800000000002,63.0,107.4,45.14297017859754,2.787308854845234,22.151843266930275,1.3935328174571624,5
MOT17,MOT17-02,rtdetr,x,nms,botsort,31.0,29.1726,32.3492,22.9212,26.4,77.4,20.771728785482285,1.6797524090710718,48.142357832965594,3.7807404177217365,5
MOT17,MOT17-02,rtdetr,x,nms,bytetrack,31.0,28.833799999999997,33.797399999999996,23.408799999999996,64.0,99.0,36.34958872345977,1.247232965581678,27.510627633445743,0.9428181886972632,5
MOT17,MOT17-02,yolo11,l,nms,botsort,31.0,31.641000000000002,30.9846,19.166800000000002,14.0,38.0,26.537485278491975,2.915967263500107,37.682545633307505,3.945955799125746,5
MOT17,MOT17-02,yolo11,l,nms,bytetrack,31.0,29.194599999999998,31.228,21.441,33.0,78.0,71.337692131397,1.6272860794845792,14.017835033941083,0.3129241531954625,5
MOT17,MOT17-02,yolo11,m,nms,botsort,31.0,30.5096,32.037,21.43,21.0,53.0,27.875371208040942,2.9547021947150416,35.87396173262581,3.6505920769136675,5
MOT17,MOT17-02,yolo11,m,nms,bytetrack,31.0,31.4084,33.75359999999999,23.137399999999996,37.0,81.8,81.95449091187757,3.524535541613938,12.201893866624838,0.549887155442783,5
MOT17,MOT17-02,yolo11,n,nms,botsort,31.0,28.367,26.391,17.195,14.0,37.0,31.498190252262752,3.793699438478311,31.74785573365322,3.964904196117203,5
MOT17,MOT17-02,yolo11,n,nms,bytetrack,31.0,27.541200000000003,27.458,18.734,23.0,45.0,83.92763071478922,9.004758858027317,11.915027166658549,1.2496803264602585,5
MOT17,MOT17-02,yolo11,s,nms,botsort,31.0,30.463600000000003,30.332600000000003,19.0158,12.0,38.0,30.097283358842365,2.561668453888667,33.225590099852226,2.864239249246073,5
MOT17,MOT17-02,yolo11,s,nms,bytetrack,31.0,29.619999999999997,31.2288,19.7654,30.4,63.6,84.44435955860058,10.482779640556982,11.842117167174973,1.5392603437293395,5
MOT17,MOT17-02,yolo11,x,nms,botsort,31.0,30.4296,31.688,20.747,18.0,54.0,26.63652316671238,2.6846381889134983,37.542437267101676,3.6414781543639636,5
MOT17,MOT17-02,yolo11,x,nms,bytetrack,31.0,29.852000000000004,32.575,22.265,28.0,69.0,65.15485694737636,3.8468843859047377,15.348049966676626,0.942773854754906,5
MOT17,MOT17-02,yolo26,l,end2end,botsort,31.0,32.27380000000001,33.7564,21.1376,16.4,80.0,29.396042203778613,0.498772578127589,34.01818493346218,0.575308810195046,5
MOT17,MOT17-02,yolo26,l,end2end,bytetrack,31.0,31.748199999999997,34.974000000000004,22.846,30.2,107.4,63.190553212407316,8.112490706406426,15.825150266347919,2.103562728543171,5
MOT17,MOT17-02,yolo26,l,nms,botsort,31.0,32.82000000000001,34.2804,20.998800000000003,14.0,59.0,30.28753076628199,0.358815308416488,33.01688763328517,0.3940834120829378,5
MOT17,MOT17-02,yolo26,l,nms,bytetrack,31.0,31.6424,34.796400000000006,22.9328,32.8,86.8,67.07581977679165,5.619173223247666,14.90850209997734,1.2822643673113785,5
MOT17,MOT17-02,yolo26,m,end2end,botsort,31.0,32.708999999999996,36.147400000000005,22.685200000000002,16.0,91.8,27.123516615217145,4.170994633819854,36.86837566773951,5.312697296256929,5
MOT17,MOT17-02,yolo26,m,end2end,bytetrack,31.0,31.3942,35.5284,23.089199999999998,31.0,105.2,82.24247305008895,4.502018608413685,12.159167433972469,0.6961415917840355,5
MOT17,MOT17-02,yolo26,m,nms,botsort,31.0,32.416599999999995,35.05,21.915,17.0,59.0,27.395021738026294,3.815370627415779,36.502982533207,4.874912048932575,5
MOT17,MOT17-02,yolo26,m,nms,bytetrack,31.0,31.631600000000002,35.4212,23.112000000000002,35.0,80.8,76.91457155219125,5.354786694523059,13.001437566631164,0.8718034010128529,5
MOT17,MOT17-02,yolo26,n,end2end,botsort,31.0,27.596000000000004,26.7442,16.8216,16.0,66.4,30.3452679125572,3.0753613596808846,32.954067266158134,3.1970638989557347,5
MOT17,MOT17-02,yolo26,n,end2end,bytetrack,31.0,25.938799999999997,25.743600000000004,17.478,32.0,78.2,87.6357475600466,6.190707001665588,11.410868599195965,0.8182586969948809,5
MOT17,MOT17-02,yolo26,n,nms,botsort,31.0,27.119400000000002,24.156,15.789999999999997,13.0,32.0,30.0550847495358,3.4451034272098964,33.27224023267627,3.6643677825356478,5
MOT17,MOT17-02,yolo26,n,nms,bytetrack,31.0,26.318,26.029000000000003,17.749,20.0,46.0,93.01436421919708,3.738338329866715,10.751027633144986,0.44837552440541556,5
MOT17,MOT17-02,yolo26,s,end2end,botsort,31.0,29.4832,30.087400000000002,19.525399999999998,19.6,52.6,32.95175975382548,0.23370169369648616,30.347392900129005,0.2138074405638764,5
MOT17,MOT17-02,yolo26,s,end2end,bytetrack,31.0,29.4486,31.394399999999997,19.83,34.0,83.0,73.43422139172652,5.182306015189029,13.617629233999955,0.9691678031459775,5
MOT17,MOT17-02,yolo26,s,nms,botsort,31.0,29.776,29.458999999999996,18.293,18.0,44.0,29.658171922324325,2.6036471976700892,33.71751983294962,2.875253279309704,5
MOT17,MOT17-02,yolo26,s,nms,bytetrack,31.0,29.8234,32.0994,20.183,30.0,66.0,85.62084035228365,4.64527577001738,11.679399499999516,0.6500926913290577,5
MOT17,MOT17-02,yolo26,x,end2end,botsort,31.0,32.22959999999999,35.27380000000001,23.5372,24.0,86.4,26.19349205936723,2.536328442380552,38.17742199984302,3.547270871607123,5
MOT17,MOT17-02,yolo26,x,end2end,bytetrack,31.0,31.861400000000003,36.955200000000005,25.3248,39.0,124.4,70.19435823158098,3.4420933144336514,14.246159167106573,0.7080799618545123,5
MOT17,MOT17-02,yolo26,x,nms,botsort,31.0,33.26559999999999,36.7084,24.072000000000003,23.0,65.0,26.834514791232525,2.2918533351734407,37.26543996713978,3.1363979283144547,5
MOT17,MOT17-02,yolo26,x,nms,bytetrack,31.0,32.32019999999999,36.91780000000001,25.242,40.0,88.0,64.97542845710227,6.05648715790685,15.390433333736533,1.4398441145130778,5
MOT17,MOT17-04,rtdetr,l,nms,botsort,45.3,37.075,40.88,26.345,8.0,64.0,21.20722174419289,0.42285707151330926,47.15374847597975,0.9261602524154386,5
MOT17,MOT17-04,rtdetr,l,nms,bytetrack,45.3,40.739,46.953,33.59780000000001,30.0,99.6,40.5426771876239,0.35583223378935064,24.665366704132232,0.2168467483386048,5
MOT17,MOT17-04,rtdetr,x,nms,botsort,45.3,39.9068,44.4734,29.135399999999997,11.0,68.0,19.79755307308403,0.3502077592542553,50.51129280009662,0.898600716712847,5
MOT17,MOT17-04,rtdetr,x,nms,bytetrack,45.3,42.792,50.084,36.878,38.0,96.0,34.74704549271187,0.4250834304971289,28.779425295590908,0.3513297597796902,5
MOT17,MOT17-04,yolo11,l,nms,botsort,45.3,33.9404,35.7692,21.3316,4.0,59.0,29.416259131682825,2.4988195410847593,33.99480523758878,3.2111818939438592,5
MOT17,MOT17-04,yolo11,l,nms,bytetrack,45.3,34.029399999999995,35.9204,24.3512,16.0,71.8,69.5177359981465,3.1940309826022624,14.384818286180408,0.6514730618820338,5
MOT17,MOT17-04,yolo11,m,nms,botsort,45.3,34.3732,35.08,20.266,2.0,46.0,29.122948897465992,3.3745748719250757,34.337182114377526,3.78307151202297,5
MOT17,MOT17-04,yolo11,m,nms,bytetrack,45.3,34.6734,36.422999999999995,23.2894,24.0,84.6,76.47649453710439,6.701836372249366,13.075913142368552,1.2689694927135444,5
MOT17,MOT17-04,yolo11,n,nms,botsort,45.3,30.192600000000006,31.057799999999997,19.9972,10.0,80.0,30.926409613230543,3.243079067940912,32.33482361858755,3.2463073442918438,5
MOT17,MOT17-04,yolo11,n,nms,bytetrack,45.3,32.311,34.551,23.5928,30.4,98.0,80.95650321264098,10.761784385866928,12.352312171554548,1.722323764039879,5
MOT17,MOT17-04,yolo11,s,nms,botsort,45.3,34.60940000000001,37.086200000000005,24.119,11.0,87.4,30.0552280612061,3.1519922621578185,33.272081581398936,3.582678576216359,5
MOT17,MOT17-04,yolo11,s,nms,bytetrack,45.3,35.0128,37.916199999999996,26.6926,37.0,118.2,85.60523791745227,2.837413263564974,11.681528190649779,0.378186427909967,5
MOT17,MOT17-04,yolo11,x,nms,botsort,45.3,32.174,30.892000000000003,18.3936,6.0,61.0,25.191508366028867,0.3084876406700945,39.695915999556235,0.4786977401378112,5
MOT17,MOT17-04,yolo11,x,nms,bytetrack,45.3,33.8504,34.636199999999995,20.692200000000003,9.0,58.0,64.23567438102178,2.8653582443527914,15.56767340945745,0.6963219924046534,5
MOT17,MOT17-04,yolo26,l,end2end,botsort,45.3,32.5764,32.488600000000005,18.102800000000002,3.0,153.4,26.10367359972156,0.608433744225005,38.308784247542334,0.9100570814962483,5
MOT17,MOT17-04,yolo26,l,end2end,bytetrack,45.3,33.3106,34.001999999999995,19.0784,18.4,192.2,67.6082585153931,2.259488706982664,14.791092419165318,0.5105936022656589,5
MOT17,MOT17-04,yolo26,l,nms,botsort,45.3,33.988,34.1672,19.1992,1.0,53.0,25.616959761934456,0.36527681269417894,39.03663858995285,0.5541258967973688,5
MOT17,MOT17-04,yolo26,l,nms,bytetrack,45.3,34.3472,36.086200000000005,21.187,12.0,61.4,66.99267095182118,0.8271886515399709,14.927005981283617,0.18447798901307813,5
MOT17,MOT17-04,yolo26,m,end2end,botsort,45.3,33.444599999999994,33.187599999999996,18.7098,2.0,70.2,27.94112661555942,2.6777227858693493,35.78953754295418,3.2644269263020327,5
MOT17,MOT17-04,yolo26,m,end2end,bytetrack,45.3,33.18320000000001,33.704,20.159399999999998,9.2,92.4,81.49152690734422,1.7816191248011837,12.271214418856072,0.2689142253307941,5
MOT17,MOT17-04,yolo26,m,nms,botsort,45.3,34.27720000000001,34.4818,19.6254,3.0,51.0,27.009861338640373,0.7324798382985446,37.023514762343396,1.0228674214804556,5
MOT17,MOT17-04,yolo26,m,nms,bytetrack,45.3,34.3446,35.6916,22.0366,12.0,70.0,80.10276259764773,1.1314460668558186,12.483963942953519,0.17516631543959926,5
MOT17,MOT17-04,yolo26,n,end2end,botsort,45.3,27.7366,25.8836,15.969399999999998,16.0,99.6,31.315164937861844,2.4735642268716824,31.933409962370728,2.3565492434976183,5
MOT17,MOT17-04,yolo26,n,end2end,bytetrack,45.3,27.7798,26.681399999999996,17.5414,31.2,140.2,86.2530364022985,3.531160432748436,11.593794742898485,0.5014337131310111,5
MOT17,MOT17-04,yolo26,n,nms,botsort,45.3,28.7262,26.906200000000002,16.4272,9.0,62.8,29.23897681679066,0.4932331920406293,34.20092318092827,0.5762264564342918,5
MOT17,MOT17-04,yolo26,n,nms,bytetrack,45.3,28.749599999999997,27.8534,19.3066,28.0,82.0,84.88816023719728,1.8420094882761864,11.780205828536833,0.25681514882637124,5
MOT17,MOT17-04,yolo26,s,end2end,botsort,45.3,34.269400000000005,35.7928,21.5332,15.0,91.6,28.67578364195215,1.0736266632920701,34.872630247391676,1.267814766869174,5
MOT17,MOT17-04,yolo26,s,end2end,bytetrack,45.3,34.881800000000005,36.9996,23.065,22.0,105.0,81.37344878092638,2.541686259758449,12.289020743021476,0.38730784420824915,5
MOT17,MOT17-04,yolo26,s,nms,botsort,45.3,34.656,36.6442,22.4026,13.6,80.4,27.726365511860518,0.9118659976654087,36.06675384742474,1.2371791179500957,5
MOT17,MOT17-04,yolo26,s,nms,bytetrack,45.3,34.648399999999995,36.568400000000004,25.0108,25.2,90.6,82.5751949996757,0.37287170766601613,12.110174247895234,0.05479333011808659,5
MOT17,MOT17-04,yolo26,x,end2end,botsort,45.3,30.994999999999997,30.519799999999996,17.5192,5.0,199.2,25.9207267146765,0.3827220595447231,38.57916527601801,0.5715866596538746,5
MOT17,MOT17-04,yolo26,x,end2end,bytetrack,45.3,31.7472,32.455200000000005,19.2412,15.0,248.8,66.85573604672278,1.9032771128340216,14.957579695198334,0.44130684202462933,5
MOT17,MOT17-04,yolo26,x,nms,botsort,45.3,33.398199999999996,33.2602,18.7714,1.0,45.0,26.00723694192524,0.8602984470056338,38.4508359051376,1.2530306423905848,5
MOT17,MOT17-04,yolo26,x,nms,bytetrack,45.3,34.3148,35.7748,21.7752,10.0,47.0,66.83150515228704,0.46418971172193413,14.963002819124432,0.1042917589168998,5
MOT17,MOT17-05,rtdetr,l,nms,botsort,8.3,46.559,62.427,54.34400000000001,77.0,130.0,29.7476905382713,0.3571398147928224,33.616054957727556,0.40500165118831405,5
MOT17,MOT17-05,rtdetr,l,nms,bytetrack,8.3,45.0866,60.666599999999995,50.1982,111.2,161.2,54.99162523596059,0.2841667053772712,18.184587120477964,0.09390747892383394,5
MOT17,MOT17-05,rtdetr,x,nms,botsort,8.3,46.796,62.60699999999999,54.59000000000001,69.0,127.0,26.880749313381916,0.33371527652508415,37.20134391871936,0.4599478272600688,5
MOT17,MOT17-05,rtdetr,x,nms,bytetrack,8.3,45.965399999999995,62.251999999999995,51.03959999999999,110.0,155.0,44.2980468634239,0.24062350857032622,22.574358708931747,0.12205336583833158,5
MOT17,MOT17-05,yolo11,l,nms,botsort,8.3,47.955799999999996,64.8548,52.2512,54.6,103.4,38.08434676522224,0.5006063099674994,26.257506953307576,0.34764616561128464,5
MOT17,MOT17-05,yolo11,l,nms,bytetrack,8.3,45.17100000000001,61.4952,51.0886,84.2,111.0,95.87752419095942,1.3520262905596945,10.42997311870818,0.14679292844345468,5
MOT17,MOT17-05,yolo11,m,nms,botsort,8.3,45.794799999999995,61.5182,52.45880000000001,51.0,96.0,42.56219521244295,0.13227017411597208,23.495028745783593,0.07317976864079517,5
MOT17,MOT17-05,yolo11,m,nms,bytetrack,8.3,44.749,60.26899999999999,50.617,94.0,115.0,126.25505634254351,1.7285025118194421,7.920474862304863,0.10856480674970587,5
MOT17,MOT17-05,yolo11,n,nms,botsort,8.3,44.8282,60.440999999999995,48.5586,44.0,81.2,44.890558267082376,0.8776358246688286,22.276399283126896,0.43577449272571406,5
MOT17,MOT17-05,yolo11,n,nms,bytetrack,8.3,43.4384,58.5826,48.385,81.0,100.8,144.19061838880717,7.645580444231443,6.93526396636652,0.3850568200612604,5
MOT17,MOT17-05,yolo11,s,nms,botsort,8.3,44.802200000000006,59.6244,50.1838,44.0,85.0,44.47016339386772,0.570334514320235,22.486987311989424,0.29103986380197655,5
MOT17,MOT17-05,yolo11,s,nms,bytetrack,8.3,43.640600000000006,59.673399999999994,49.7442,78.0,106.0,148.46740714227917,1.7994310218779408,6.735485041788874,0.08231002217485628,5
MOT17,MOT17-05,yolo11,x,nms,botsort,8.3,47.3028,64.061,53.88199999999999,57.0,110.0,38.47127200141584,3.00618371894533,25.99342179180344,2.00495104961026,5
MOT17,MOT17-05,yolo11,x,nms,bytetrack,8.3,45.986,61.799,51.48199999999999,93.0,122.0,85.07658889361731,3.289451496985608,11.754114886416454,0.4631346981875045,5
MOT17,MOT17-05,yolo26,l,end2end,botsort,8.3,47.9396,65.542,53.5028,51.2,112.0,37.95337169478031,0.3458804596946702,26.34812021556254,0.24035109501268037,5
MOT17,MOT17-05,yolo26,l,end2end,bytetrack,8.3,45.2294,62.0828,51.6062,90.2,126.8,99.54647908965781,1.477143212315874,10.04555870930741,0.1494480508798018,5
MOT17,MOT17-05,yolo26,l,nms,botsort,8.3,47.74720000000001,65.207,53.173,47.0,103.0,37.92382968671259,0.3713918642948694,26.368644945960483,0.2588132237212566,5
MOT17,MOT17-05,yolo26,l,nms,bytetrack,8.3,45.3382,61.66799999999999,51.251,82.0,123.0,97.35506163719393,1.399307286797728,10.271679594088571,0.14839841185913616,5
MOT17,MOT17-05,yolo26,m,end2end,botsort,8.3,48.2366,65.3716,53.196400000000004,54.0,120.0,42.438922208746696,0.4970436308625044,23.563275124689646,0.2769389918462325,5
MOT17,MOT17-05,yolo26,m,end2end,bytetrack,8.3,44.563599999999994,61.076800000000006,51.053999999999995,88.0,132.8,107.85367722026628,20.515058659683575,9.271821098484482,2.125844440316003,5
MOT17,MOT17-05,yolo26,m,nms,botsort,8.3,47.538,63.97579999999999,51.3922,57.0,110.0,42.501439281142254,0.3897932586176307,23.528614957839714,0.21571070292762906,5
MOT17,MOT17-05,yolo26,m,nms,bytetrack,8.3,44.7808,60.625,50.557,85.0,129.0,121.98765691518156,7.385438919691707,8.19755068084719,0.5327914357900839,5
MOT17,MOT17-05,yolo26,n,end2end,botsort,8.3,42.544799999999995,57.08639999999999,47.9716,50.8,106.8,44.42613141851038,0.39779306314121693,22.5092747909926,0.20248011913725267,5
MOT17,MOT17-05,yolo26,n,end2end,bytetrack,8.3,43.8976,59.444,47.5638,74.8,117.0,142.61329189673853,4.140653376601259,7.0119691278430505,0.205939001292423,5
MOT17,MOT17-05,yolo26,n,nms,botsort,8.3,44.4576,60.260400000000004,47.416399999999996,42.0,79.0,43.376058844487005,1.5770541098460944,23.054192258112394,0.8563331242037797,5
MOT17,MOT17-05,yolo26,n,nms,bytetrack,8.3,42.8316,58.7162,47.69420000000001,87.0,104.0,129.82098890099277,24.70257619855714,7.702914670929246,1.8124836777819948,5
MOT17,MOT17-05,yolo26,s,end2end,botsort,8.3,45.995,62.2118,51.2448,55.0,117.8,43.622267875731,0.7845281944118894,22.924071780237366,0.40879270445938987,5
MOT17,MOT17-05,yolo26,s,end2end,bytetrack,8.3,43.202200000000005,58.668600000000005,49.209199999999996,82.0,125.2,138.88974761117043,4.727234748429004,7.199955484112158,0.24936292747571176,5
MOT17,MOT17-05,yolo26,s,nms,botsort,8.3,46.60379999999999,63.31699999999999,50.528,50.0,104.0,43.400537722737226,0.8834910628012473,23.041189175776207,0.47232977133793375,5
MOT17,MOT17-05,yolo26,s,nms,bytetrack,8.3,43.481199999999994,58.819,49.255,75.0,112.0,135.79681718397902,1.8773952581458762,7.3639428429695,0.10253235297059084,5
MOT17,MOT17-05,yolo26,x,end2end,botsort,8.3,48.2434,64.7734,54.332800000000006,57.4,124.0,37.09463932089,0.3063142315612327,26.958073142305654,0.22432795523331958,5
MOT17,MOT17-05,yolo26,x,end2end,bytetrack,8.3,44.92040000000001,60.29820000000001,51.4326,101.0,154.0,89.80354730515369,0.9426944035036589,11.135417586590275,0.11640296605866031,5
MOT17,MOT17-05,yolo26,x,nms,botsort,8.3,47.0386,62.451,54.42280000000001,52.0,110.6,36.972184855955184,0.35542596267760374,27.04736016808398,0.2613244389628966,5
MOT17,MOT17-05,yolo26,x,nms,bytetrack,8.3,46.878,63.419,51.8,94.0,139.0,87.97513441412696,1.9486246555764626,11.366848219778577,0.2527637513766699,5
MOT20,MOT20-02,rtdetr,l,nms,botsort,72.7,24.5556,30.856,19.6554,61.0,207.8,21.785990098703532,0.08993990216851273,45.901058224547214,0.1887427443697961,5
MOT20,MOT20-02,rtdetr,l,nms,bytetrack,72.7,27.948400000000003,36.6918,26.937,247.0,433.0,43.721563410504224,0.16822392926682864,22.872009187113086,0.08806231260799796,5
MOT20,MOT20-02,rtdetr,x,nms,botsort,72.7,26.4908,33.4292,22.2042,82.8,256.0,18.774436353796325,1.8415209653774398,53.263915952278,5.385910909736413,5
MOT20,MOT20-02,rtdetr,x,nms,bytetrack,72.7,29.201800000000002,38.3836,28.3226,261.2,501.8,35.40167935059453,1.1084169821693555,28.247247541470266,0.8970034764274379,5
MOT20,MOT20-02,yolo11,l,nms,botsort,72.7,19.916000000000004,22.842599999999997,14.140200000000002,28.0,116.0,23.489605700913987,3.190276802206177,42.57202154572947,6.035293993476022,5
MOT20,MOT20-02,yolo11,l,nms,bytetrack,72.7,21.854000000000003,26.793599999999998,17.3348,86.2,204.4,63.39210227862856,3.5306592719784238,15.774835729609979,0.9203396278646707,5
MOT20,MOT20-02,yolo11,m,nms,botsort,72.7,22.3618,27.086400000000005,17.713600000000003,61.4,178.4,24.07960723246985,3.328617204708809,41.528916578488136,5.968610941494421,5
MOT20,MOT20-02,yolo11,m,nms,bytetrack,72.7,24.100600000000004,30.6856,20.9852,139.4,309.4,74.20801779706798,2.3583296437187995,13.475632818203518,0.4301411360873085,5
MOT20,MOT20-02,yolo11,n,nms,botsort,72.7,21.3962,26.425599999999996,17.1864,85.6,278.4,23.84249743832198,1.363958236409172,41.94191496033057,2.422087774366141,5
MOT20,MOT20-02,yolo11,n,nms,bytetrack,72.7,23.3952,30.245799999999996,21.113599999999998,199.4,532.4,67.12704180689155,7.979118394269825,14.897126002911923,1.647767147741403,5
MOT20,MOT20-02,yolo11,s,nms,botsort,72.7,23.4834,29.4646,20.156,97.0,316.2,25.147874168835283,3.1749019535784453,39.76479257396868,5.342253598339816,5
MOT20,MOT20-02,yolo11,s,nms,bytetrack,72.7,25.076,32.4984,22.8784,202.6,484.8,71.1534566286374,6.806381077517634,14.054130992105957,1.3774999255216267,5
MOT20,MOT20-02,yolo11,x,nms,botsort,72.7,20.986600000000003,23.944799999999997,14.9292,33.0,108.6,23.41299689829067,2.3953745504848687,42.7113198854525,4.498081915475278,5
MOT20,MOT20-02,yolo11,x,nms,bytetrack,72.7,23.491600000000002,28.771800000000002,18.610400000000002,104.0,223.0,59.040969734000804,1.9149941684119611,16.937391179469653,0.5730760392861569,5
MOT20,MOT20-02,yolo26,l,end2end,botsort,72.7,19.913400000000003,24.006199999999996,14.380600000000001,48.0,363.6,23.831416826067514,3.0886435799283443,41.96141619688218,5.6796677686694945,5
MOT20,MOT20-02,yolo26,l,end2end,bytetrack,72.7,21.677599999999998,27.223399999999998,17.069200000000002,109.0,590.4,64.59134831666181,1.5818428039702965,15.481949611849839,0.3780472022279927,5
MOT20,MOT20-02,yolo26,l,nms,botsort,72.7,21.000999999999998,25.6214,15.834999999999999,35.0,132.2,23.411888121760523,3.407712520163484,42.71334267442254,6.609082212025095,5
MOT20,MOT20-02,yolo26,l,nms,bytetrack,72.7,22.9414,29.305200000000003,19.017999999999997,100.0,213.0,65.82626998121002,1.6397191971151817,15.191503335757108,0.3775189141982035,5
MOT20,MOT20-02,yolo26,m,end2end,botsort,72.7,19.446000000000005,22.688200000000002,14.265600000000001,37.4,150.4,24.361997496795446,3.5339508862504148,41.047537260913806,6.200700064119051,5
MOT20,MOT20-02,yolo26,m,end2end,bytetrack,72.7,21.829999999999995,27.1324,17.377000000000002,101.4,298.4,76.94920620532687,3.1784090822621223,12.99558565076886,0.5248789490451538,5
MOT20,MOT20-02,yolo26,m,nms,botsort,72.7,20.0818,23.717599999999997,15.1334,48.0,118.4,24.260625143272588,3.3524125543535144,41.219053264062225,5.898228621402293,5
MOT20,MOT20-02,yolo26,m,nms,bytetrack,72.7,22.592200000000002,28.3786,18.8156,101.6,217.8,74.00732355678475,1.0292268939441904,13.512176254188066,0.18717945943059527,5
MOT20,MOT20-02,yolo26,n,end2end,botsort,72.7,17.981,21.418200000000002,13.5942,65.8,339.0,27.239686839188938,2.8445434548718818,36.711141574554716,3.956237425250486,5
MOT20,MOT20-02,yolo26,n,end2end,bytetrack,72.7,18.9052,23.2686,15.173000000000002,159.0,532.2,75.42461652872908,4.654081841823203,13.258270920331455,0.8647142647837353,5
MOT20,MOT20-02,yolo26,n,nms,botsort,72.7,17.243599999999997,19.730200000000004,12.2784,48.0,162.0,26.501769332678297,3.4811723046749607,37.73332970515818,5.1798193282002325,5
MOT20,MOT20-02,yolo26,n,nms,bytetrack,72.7,19.5004,24.4044,15.6804,145.4,338.0,77.03684559989765,2.8578786607951083,12.980801488078177,0.49180417337832244,5
MOT20,MOT20-02,yolo26,s,end2end,botsort,72.7,20.3874,23.794,15.1808,53.2,195.8,26.161053513859013,2.466948691677584,38.22476030906945,3.7055418694247844,5
MOT20,MOT20-02,yolo26,s,end2end,bytetrack,72.7,22.0536,27.457,18.072000000000003,120.8,364.8,79.17640424119358,1.7698937475483478,12.630025442349199,0.28005631719215696,5
MOT20,MOT20-02,yolo26,s,nms,botsort,72.7,20.4638,24.1286,15.149000000000001,54.0,142.8,26.754834258982374,2.142956409999586,37.376422904368056,3.3243994850391183,5
MOT20,MOT20-02,yolo26,s,nms,bytetrack,72.7,22.344,28.0536,18.1292,130.0,279.4,74.41022582151626,1.37592759869004,13.439013105519198,0.24899472172729395,5
MOT20,MOT20-02,yolo26,x,end2end,botsort,72.7,19.7454,22.4118,13.625399999999999,39.8,331.6,25.810061700607324,0.16417506612941277,38.74457998589246,0.24540479383415967,5
MOT20,MOT20-02,yolo26,x,end2end,bytetrack,72.7,22.092399999999998,26.8452,16.943399999999997,91.2,618.4,66.20137976305851,1.5732308842166327,15.105425348823573,0.35915728539009817,5
MOT20,MOT20-02,yolo26,x,nms,botsort,72.7,21.341,24.491,15.393600000000001,35.0,110.8,25.239049122578308,0.6059581581645012,39.621144011539705,0.9789081531429009,5
MOT20,MOT20-02,yolo26,x,nms,bytetrack,72.7,23.6444,29.480399999999996,19.330000000000002,92.0,215.4,60.764172974463804,5.453625599659983,16.457065916461183,1.5783106705125425,5
MOT20,MOT20-03,rtdetr,l,nms,botsort,148.3,7.647999999999999,4.6177,1.7207000000000001,1.0,14.0,27.21864656226255,2.8669834850603935,36.73951964189343,3.991791807976523,5
MOT20,MOT20-03,rtdetr,l,nms,bytetrack,148.3,14.311599999999999,16.9996,8.62316,34.0,162.6,46.522382249348816,2.926036949406704,21.495029954404306,1.3786096883887407,5
MOT20,MOT20-03,rtdetr,x,nms,botsort,148.3,9.462280000000002,7.286680000000001,3.2284400000000004,1.0,30.0,24.820662498407795,1.4790548402835526,40.28901323903616,2.453808543905891,5
MOT20,MOT20-03,rtdetr,x,nms,bytetrack,148.3,15.627199999999998,19.929399999999998,10.5692,36.8,199.6,38.17793647250648,1.5688345171637508,26.193139084930415,1.090763468370808,5
MOT20,MOT20-03,yolo11,l,nms,botsort,148.3,4.58428,2.9843,1.13036,1.0,6.2,36.835659292380456,3.127185374022376,27.14760694419965,2.380216402691461,5
MOT20,MOT20-03,yolo11,l,nms,bytetrack,148.3,6.121359999999999,5.64506,2.4464200000000003,11.0,40.6,81.25511984303031,5.345264924807549,12.306916806372483,0.7845142855981366,5
MOT20,MOT20-03,yolo11,m,nms,botsort,148.3,4.1979,2.4830200000000002,1.01914,0.0,10.0,41.87857785688008,1.817555445484775,23.878556798597536,1.087348863371714,5
MOT20,MOT20-03,yolo11,m,nms,bytetrack,148.3,6.110760000000001,5.5545,2.5520199999999997,12.0,44.8,99.02960776260329,3.128972619839182,10.097990112181698,0.3155110508868141,5
MOT20,MOT20-03,yolo11,n,nms,botsort,148.3,9.42078,10.268799999999999,5.1082399999999994,17.0,124.0,36.893301858285604,3.368166473176667,27.10519117646872,2.5706353249291616,5
MOT20,MOT20-03,yolo11,n,nms,bytetrack,148.3,11.9,15.393600000000001,8.86768,144.0,459.2,92.34128082357542,10.637051497596373,10.829392781659278,1.2210098463482804,5
MOT20,MOT20-03,yolo11,s,nms,botsort,148.3,5.5853,4.60998,1.98842,3.0,34.0,39.44340082460985,3.9794408921653246,25.35278345918062,2.6360057684080394,5
MOT20,MOT20-03,yolo11,s,nms,bytetrack,148.3,7.2109,7.402880000000001,3.4948799999999998,42.0,160.0,99.12548095986273,7.25827347207065,10.088223434748466,0.7488849366224197,5
MOT20,MOT20-03,yolo11,x,nms,botsort,148.3,4.35186,2.4655,0.76676,0.0,4.0,35.67348702722015,2.881892057818313,28.03202275227438,2.3171189072442657,5
MOT20,MOT20-03,yolo11,x,nms,bytetrack,148.3,5.5907800000000005,4.6192,1.6974,8.0,22.0,70.76817571821755,4.467845707276382,14.130645446927556,0.9600769726430565,5
MOT20,MOT20-03,yolo26,l,end2end,botsort,148.3,3.84572,2.37616,0.942492,2.0,27.6,39.09874288689147,3.123440172475652,25.57626987887806,2.0967360828256147,5
MOT20,MOT20-03,yolo26,l,end2end,bytetrack,148.3,5.28772,4.543480000000001,2.0229799999999996,9.6,88.6,78.72272319413126,1.4763744921428903,12.702812598771347,0.23749157425342524,5
MOT20,MOT20-03,yolo26,l,nms,botsort,148.3,4.7301,3.00644,1.21508,1.0,2.0,38.01940961033124,3.1252912498278502,26.30235477744673,2.217680851574599,5
MOT20,MOT20-03,yolo26,l,nms,bytetrack,148.3,6.3127200000000006,5.816540000000001,2.6032599999999997,6.0,21.0,83.71194505518979,4.264936719806624,11.945726495074483,0.5944291522318503,5
MOT20,MOT20-03,yolo26,m,end2end,botsort,148.3,3.18186,1.6026200000000004,0.7174039999999999,1.0,14.0,50.10970487585853,1.2553550219524476,19.95621412014686,0.5131321701412482,5
MOT20,MOT20-03,yolo26,m,end2end,bytetrack,148.3,3.9684199999999996,2.48238,1.0233999999999999,5.6,41.2,98.59342002414729,2.6141512359845174,10.142664690555232,0.2717957466111853,5
MOT20,MOT20-03,yolo26,m,nms,botsort,148.3,3.9736000000000002,2.0346,0.76038,1.0,8.0,45.22948754194759,2.430039800330263,22.109470045897844,1.2084457486452513,5
MOT20,MOT20-03,yolo26,m,nms,bytetrack,148.3,5.28212,4.13196,1.73744,5.0,28.0,99.70751163936025,5.129096918373199,10.029334636461261,0.49075022631497517,5
MOT20,MOT20-03,yolo26,n,end2end,botsort,148.3,4.40936,3.2445800000000005,1.34606,3.0,43.4,41.47206944253693,4.197421797603662,24.112613945768608,2.5124250982488427,5
MOT20,MOT20-03,yolo26,n,end2end,bytetrack,148.3,5.330680000000001,5.07972,2.2858599999999996,33.0,169.2,106.59093066550432,8.341250197576866,9.381661214105778,0.7542655664356421,5
MOT20,MOT20-03,yolo26,n,nms,botsort,148.3,4.347319999999999,2.87018,1.0125600000000001,2.0,17.8,41.963967592566526,3.694478839720934,23.829967883616884,2.1546746053273576,5
MOT20,MOT20-03,yolo26,n,nms,bytetrack,148.3,6.311839999999999,6.431019999999999,2.93058,32.0,108.2,101.67924442658828,5.962462337775702,9.834848848842432,0.5690135184707723,5
MOT20,MOT20-03,yolo26,s,end2end,botsort,148.3,3.45292,1.8205399999999998,0.725248,0.0,16.6,47.179949281066236,2.712123402832312,21.195444574191384,1.2441670845615709,5
MOT20,MOT20-03,yolo26,s,end2end,bytetrack,148.3,4.4741,3.4589799999999995,1.5374199999999998,11.0,55.4,110.21094810933587,6.325080206588486,9.073508731709122,0.5089453219584116,5
MOT20,MOT20-03,yolo26,s,nms,botsort,148.3,3.33402,1.7243400000000002,0.608306,0.0,5.4,44.6569625998018,4.292706653938706,22.39292468145691,2.263672107574423,5
MOT20,MOT20-03,yolo26,s,nms,bytetrack,148.3,4.5339,3.50272,1.451,8.0,38.2,105.13238043987491,2.89463074140847,9.511817347005653,0.25940896943000696,5
MOT20,MOT20-03,yolo26,x,end2end,botsort,148.3,3.99524,2.26154,0.8046960000000001,0.0,38.0,37.602553616438954,2.2849426254864644,26.593938544716906,1.693387780901141,5
MOT20,MOT20-03,yolo26,x,end2end,bytetrack,148.3,6.13452,5.28356,2.3638,24.2,153.8,72.57661325633258,1.5777346135609918,13.778543185366207,0.3035405049492621,5
MOT20,MOT20-03,yolo26,x,nms,botsort,148.3,5.266420000000001,3.2297,1.1949,0.0,1.0,35.23196367888835,3.2968790351542174,28.383317180791106,2.7332112459323983,5
MOT20,MOT20-03,yolo26,x,nms,bytetrack,148.3,8.0173,7.99132,3.6151600000000004,20.0,37.0,70.78684501292307,0.7314603527255509,14.126918636046526,0.14738694376363923,5
MOT20,MOT20-05,rtdetr,l,nms,botsort,226.6,2.85226,1.0459,0.24693,2.0,8.0,22.52849227445348,2.1532728045403684,44.38823458833794,4.362136657864254,5
MOT20,MOT20-05,rtdetr,l,nms,bytetrack,226.6,8.29226,7.2783999999999995,3.9634,110.4,252.4,42.05907618681704,3.0991072175274264,23.776080947622887,1.792150611996611,5
MOT20,MOT20-05,rtdetr,x,nms,botsort,226.6,3.53476,1.4944,0.48751,4.0,9.0,21.028831187568837,1.9323873627618724,47.55376041019096,4.489144864101826,5
MOT20,MOT20-05,rtdetr,x,nms,bytetrack,226.6,8.10576,7.57634,4.06702,117.8,202.0,36.12932281701363,1.0661040160416797,27.6783488321871,0.8390600177512177,5
MOT20,MOT20-05,yolo11,l,nms,botsort,226.6,1.20792,0.22127,0.09283,0.0,0.0,34.632126718408855,1.5142679686277714,28.874923221750795,1.280145445519437,5
MOT20,MOT20-05,yolo11,l,nms,bytetrack,226.6,2.24728,0.9711360000000001,0.40201400000000004,12.0,30.0,65.98675525121685,3.7540798622268947,15.154556337751723,0.8646197198470051,5
MOT20,MOT20-05,yolo11,m,nms,botsort,226.6,2.3928599999999998,0.8378620000000001,0.356902,7.0,14.0,30.28580780958054,4.3007038035532,33.018765960855845,4.884737865175161,5
MOT20,MOT20-05,yolo11,m,nms,bytetrack,226.6,3.52136,1.9733400000000003,0.963078,52.4,99.2,80.55985967639769,4.348421614050846,12.413129864139751,0.6847409826124264,5
MOT20,MOT20-05,yolo11,n,nms,botsort,226.6,1.4464600000000003,0.3853540000000001,0.12764,1.0,3.0,35.57843777141461,2.484178472962233,28.10691145082955,2.006125159460752,5
MOT20,MOT20-05,yolo11,n,nms,bytetrack,226.6,2.5117599999999998,1.5187199999999998,0.648262,46.0,106.6,85.4677206528608,4.903857585704019,11.70032372878693,0.6967010771519913,5
MOT20,MOT20-05,yolo11,s,nms,botsort,226.6,3.5715600000000003,2.2564200000000003,1.1262400000000001,34.0,100.4,29.58618047133201,2.7018064728330478,33.799563987955985,3.170358365616314,5
MOT20,MOT20-05,yolo11,s,nms,bytetrack,226.6,4.80914,3.90974,2.1473199999999997,148.4,348.8,83.73643268913206,3.4447952199835745,11.94223312225943,0.5039712445393085,5
MOT20,MOT20-05,yolo11,x,nms,botsort,226.6,1.7503999999999997,0.53581,0.12052,1.0,4.0,31.41243571307739,2.0770899996207652,31.834525954435538,2.1483232904846576,5
MOT20,MOT20-05,yolo11,x,nms,bytetrack,226.6,2.91428,1.52694,0.6525040000000001,34.2,55.2,64.11429488329502,1.3088713260192446,15.597145719535163,0.31254591068513715,5
MOT20,MOT20-05,yolo26,l,end2end,botsort,226.6,1.8707,0.6300779999999999,0.288452,5.0,34.0,31.507441345144162,2.2686363359389823,31.738534051230317,2.3376043407210054,5
MOT20,MOT20-05,yolo26,l,end2end,bytetrack,226.6,2.98114,1.82018,0.875538,38.4,172.8,69.29410616546346,0.850744951229221,14.43124177995971,0.17634677404174326,5
MOT20,MOT20-05,yolo26,l,nms,botsort,226.6,2.2726800000000003,0.835506,0.393722,2.0,3.0,31.19632709005275,2.116684932833364,32.05505561963606,2.217835409335378,5
MOT20,MOT20-05,yolo26,l,nms,bytetrack,226.6,3.7634999999999996,2.45996,1.22824,31.8,59.0,69.07343636883341,2.3036314452102276,14.477345453906063,0.47828285909201945,5
MOT20,MOT20-05,yolo26,m,end2end,botsort,226.6,0.0,0.0,0.0,0.0,0.0,41.9328899199985,0.5474563695953861,23.847628959221414,0.3109904567880746,5
MOT20,MOT20-05,yolo26,m,end2end,bytetrack,226.6,0.62323,0.0906,0.019804,0.0,0.0,87.07643850645789,3.569098555574587,11.484162847632273,0.4894447130909213,5
MOT20,MOT20-05,yolo26,m,nms,botsort,226.6,0.021561,0.0,-0.020732,0.0,0.0,40.329215922422556,1.394987419797186,24.795919710504762,0.8681946837736486,5
MOT20,MOT20-05,yolo26,m,nms,bytetrack,226.6,1.4059599999999999,0.40037,0.15224,4.0,9.0,86.13755405211202,2.00108286119278,11.60933823817442,0.2693902659552117,5
MOT20,MOT20-05,yolo26,n,end2end,botsort,226.6,1.47198,0.49933200000000005,0.20153400000000002,10.0,28.0,34.288085022368506,2.6929962487985777,29.164650033608773,2.3932696325237837,5
MOT20,MOT20-05,yolo26,n,end2end,bytetrack,226.6,2.21,1.32606,0.6114999999999999,56.0,160.4,85.69003478162415,3.6532967138689005,11.669968422214314,0.5181422743083527,5
MOT20,MOT20-05,yolo26,n,nms,botsort,226.6,1.1711399999999998,0.25633,0.069004,1.0,3.0,35.218122760836565,3.625318968831588,28.394471982249577,3.187389694825539,5
MOT20,MOT20-05,yolo26,n,nms,bytetrack,226.6,2.02048,1.1098999999999999,0.38437399999999994,41.2,68.0,87.39223801225401,1.7384064528240735,11.442663819409013,0.22463966841346952,5
MOT20,MOT20-05,yolo26,s,end2end,botsort,226.6,0.7064600000000001,0.0754112,0.03772,0.0,0.0,40.377175230258395,0.724495651393127,24.766467547502096,0.45476040037581433,5
MOT20,MOT20-05,yolo26,s,end2end,bytetrack,226.6,1.1826,0.243728,0.07444959999999998,0.6,0.2,90.76686504343725,3.1636215045550404,11.017236295661876,0.3778603418305757,5
MOT20,MOT20-05,yolo26,s,nms,botsort,226.6,0.55618,0.036816,0.018411,0.0,0.0,40.3889594963819,1.0945352289585597,24.759241447890762,0.677214701396725,5
MOT20,MOT20-05,yolo26,s,nms,bytetrack,226.6,1.07792,0.22764,0.061112999999999994,3.0,4.0,88.61417474190947,4.078699197548274,11.284876295609813,0.5015058363234073,5
MOT20,MOT20-05,yolo26,x,end2end,botsort,226.6,1.6006399999999998,0.39749199999999996,0.08896180000000001,0.0,12.4,31.4658440807445,1.7965933798484264,31.78049180673177,1.860612705546857,5
MOT20,MOT20-05,yolo26,x,end2end,bytetrack,226.6,2.85526,1.4385000000000001,0.577434,28.0,114.6,65.46926342305281,1.509944468957588,15.27434322176723,0.358130984648801,5
MOT20,MOT20-05,yolo26,x,nms,botsort,226.6,2.28562,0.717318,0.231702,1.0,3.0,29.674932693525072,1.7151827094615384,33.698475758234665,1.9813662619718475,5
MOT20,MOT20-05,yolo26,x,nms,bytetrack,226.6,3.91986,2.4353800000000003,0.9703219999999998,30.0,41.0,62.1349287326108,2.95302399602747,16.09400735459702,0.7988412407057982,5
SOMPT22,SOMPT22-07,rtdetr,l,nms,botsort,46.0,27.880399999999998,29.992600000000003,20.9532,23.2,124.4,21.319098386222706,2.2307840924040034,46.90629884452533,5.061212825372701,5
SOMPT22,SOMPT22-07,rtdetr,l,nms,bytetrack,46.0,29.717599999999997,33.4754,27.6442,82.2,200.8,37.074564734308474,3.034468218985372,26.972670000751453,2.2628559848284047,5
SOMPT22,SOMPT22-07,rtdetr,x,nms,botsort,46.0,28.871199999999998,30.981,21.128,22.0,110.0,19.92180710204128,1.8494306023982712,50.1962495107954,4.772642951163462,5
SOMPT22,SOMPT22-07,rtdetr,x,nms,bytetrack,46.0,31.724199999999996,35.7018,27.542600000000004,54.0,158.0,32.80861218453452,1.2187115665860642,30.47980190004455,1.1460968240071379,5
SOMPT22,SOMPT22-07,yolo11,l,nms,botsort,46.0,27.3772,27.9526,19.6284,23.0,118.0,22.242279068337023,1.554829977596386,44.9594215110604,2.9555981454660323,5
SOMPT22,SOMPT22-07,yolo11,l,nms,bytetrack,46.0,28.4092,29.596000000000004,23.130000000000003,54.0,178.0,52.80041955910835,1.3612782065624147,18.939243444467948,0.49754580317193503,5
SOMPT22,SOMPT22-07,yolo11,m,nms,botsort,46.0,27.400599999999997,28.014400000000002,18.782799999999998,25.2,128.0,23.333342069371735,0.6999298339907624,42.85712681136405,1.3284562228447312,5
SOMPT22,SOMPT22-07,yolo11,m,nms,bytetrack,46.0,28.3936,29.769399999999997,21.7206,58.0,201.2,59.85387991933901,0.9183361498966708,16.70735466685922,0.25968353277392664,5
SOMPT22,SOMPT22-07,yolo11,n,nms,botsort,46.0,23.8006,24.7954,15.475999999999999,22.0,98.0,26.31817158352757,1.2135123305932218,37.99656054472628,1.7998706664202013,5
SOMPT22,SOMPT22-07,yolo11,n,nms,bytetrack,46.0,24.082800000000002,24.7592,17.8998,71.2,144.6,57.468208168108426,4.77062990938618,17.400925344231332,1.4352571526043416,5
SOMPT22,SOMPT22-07,yolo11,s,nms,botsort,46.0,27.641,28.933,18.391399999999997,22.0,151.0,24.894278604123343,0.7210714977852669,40.169872600138966,1.1511656505563657,5
SOMPT22,SOMPT22-07,yolo11,s,nms,bytetrack,46.0,28.061799999999998,30.143,21.264200000000002,82.8,256.2,59.819055851053484,3.702261354763377,16.717080966472473,1.116331653073842,5
SOMPT22,SOMPT22-07,yolo11,x,nms,botsort,46.0,29.4654,31.3616,22.1606,30.0,133.0,24.160625618268224,2.180625346382162,41.3896567001098,3.663916192140351,5
SOMPT22,SOMPT22-07,yolo11,x,nms,bytetrack,46.0,30.639799999999997,33.525,25.9478,66.0,209.0,53.071663706312194,1.1807023820957139,18.842446800495964,0.41664515309668987,5
SOMPT22,SOMPT22-07,yolo26,l,end2end,botsort,46.0,28.335199999999997,29.3704,21.8256,41.0,224.4,27.476219258323713,0.3140111759823506,36.39510918872354,0.41567388904687613,5
SOMPT22,SOMPT22-07,yolo26,l,end2end,bytetrack,46.0,28.799400000000002,30.102600000000002,24.7906,102.0,364.6,54.24737825411191,4.686747337566601,18.43407058891737,1.5892352038593116,5
SOMPT22,SOMPT22-07,yolo26,l,nms,botsort,46.0,30.206400000000002,32.0358,21.665200000000002,27.0,126.0,27.28431310966533,0.3122988413008536,36.6510967668728,0.42119354879408916,5
SOMPT22,SOMPT22-07,yolo26,l,nms,bytetrack,46.0,30.614799999999995,32.8506,25.648000000000003,84.0,245.0,55.23353809616708,3.1155488352210496,18.104941933267078,1.058154279974804,5
SOMPT22,SOMPT22-07,yolo26,m,end2end,botsort,46.0,26.4464,27.092000000000002,17.406399999999998,24.8,186.0,27.13668631933225,2.7129014033864816,36.850483077869285,3.8263147135898716,5
SOMPT22,SOMPT22-07,yolo26,m,end2end,bytetrack,46.0,27.2226,28.358799999999995,19.5088,57.8,244.8,61.26755213105272,2.306675204664471,16.321853333734907,0.6015095766010755,5
SOMPT22,SOMPT22-07,yolo26,m,nms,botsort,46.0,27.0644,27.8536,17.9886,20.8,112.8,25.771845408037233,2.8184711726009555,38.80203315545805,4.0804733913852,5
SOMPT22,SOMPT22-07,yolo26,m,nms,bytetrack,46.0,27.782599999999995,28.624000000000002,20.7652,68.8,179.8,60.4957702581972,2.0100961395734513,16.530081288856714,0.529370200427337,5
SOMPT22,SOMPT22-07,yolo26,n,end2end,botsort,46.0,22.9044,23.79,14.349799999999998,22.0,167.0,29.199327375856303,2.6836530297483185,34.247364233015105,3.233048758381713,5
SOMPT22,SOMPT22-07,yolo26,n,end2end,bytetrack,46.0,22.2926,23.3594,15.3492,55.6,223.4,66.62225577716886,2.4781480241362503,15.009999111178331,0.5493586825655843,5
SOMPT22,SOMPT22-07,yolo26,n,nms,botsort,46.0,22.5262,23.414,13.931999999999999,16.0,69.0,29.173677825310293,2.654109453577746,34.27747457786852,3.2019130010783474,5
SOMPT22,SOMPT22-07,yolo26,n,nms,bytetrack,46.0,23.192200000000003,24.061,15.8526,56.0,127.2,62.4851745248616,1.7239969045015378,16.00379622212818,0.441059119894682,5
SOMPT22,SOMPT22-07,yolo26,s,end2end,botsort,46.0,28.0414,28.7248,20.769799999999996,38.0,246.0,27.321681259399064,2.3828254676961427,36.600968677796324,3.2657494750129104,5
SOMPT22,SOMPT22-07,yolo26,s,end2end,bytetrack,46.0,28.179399999999998,29.6216,23.499000000000002,81.8,358.2,61.20579280062966,1.6062515622296185,16.33832279989211,0.4175767244248737,5
SOMPT22,SOMPT22-07,yolo26,s,nms,botsort,46.0,28.856,29.456799999999998,20.022999999999996,28.6,151.2,27.170481769282453,2.3800429322844714,36.80464735559266,3.308633534349291,5
SOMPT22,SOMPT22-07,yolo26,s,nms,bytetrack,46.0,29.195000000000004,31.0416,23.772999999999996,91.4,275.6,61.34525117643598,2.000375140870235,16.301180300393348,0.5248713735381617,5
SOMPT22,SOMPT22-07,yolo26,x,end2end,botsort,46.0,27.6752,29.230199999999996,19.636400000000002,28.8,186.8,25.649670288788716,2.1919104720874123,38.986855922163365,3.584013228048663,5
SOMPT22,SOMPT22-07,yolo26,x,end2end,bytetrack,46.0,28.796,30.2288,21.7702,64.8,265.0,56.05992664642648,2.0596379535200495,17.838054022208475,0.6647920157422096,5
SOMPT22,SOMPT22-07,yolo26,x,nms,botsort,46.0,28.5072,30.174799999999998,20.0406,26.0,114.0,26.715772695146843,0.2495598251255983,37.43107157749021,0.3506271973076866,5
SOMPT22,SOMPT22-07,yolo26,x,nms,bytetrack,46.0,30.088599999999996,32.24139999999999,22.7662,53.0,167.6,54.78347193111009,2.5643717643954136,18.25368062209519,0.89770401616021,5
SOMPT22,SOMPT22-10,rtdetr,l,nms,botsort,57.0,28.715000000000003,32.9516,23.053,44.6,120.8,21.35153472510521,0.0893941359902664,46.835040800331626,0.19629511875572203,5
SOMPT22,SOMPT22-10,rtdetr,l,nms,bytetrack,57.0,30.7486,34.5032,29.4544,129.0,230.2,37.83317161481885,0.4873124109944855,26.431831044487705,0.3411828502297471,5
SOMPT22,SOMPT22-10,rtdetr,x,nms,botsort,57.0,29.499399999999998,33.1794,24.821,49.0,118.0,19.882127947278327,0.2960144708531976,50.296427155670244,0.7565016663117932,5
SOMPT22,SOMPT22-10,rtdetr,x,nms,bytetrack,57.0,30.393399999999996,33.7142,31.140800000000002,151.2,252.0,33.73521524258613,0.3282733115186666,29.642615077719608,0.2896129007136886,5
SOMPT22,SOMPT22-10,yolo11,l,nms,botsort,57.0,26.234200000000005,29.903200000000005,20.1676,39.0,90.0,28.069692320317824,3.0603057009395895,35.62561315558721,3.954326188433713,5
SOMPT22,SOMPT22-10,yolo11,l,nms,bytetrack,57.0,26.715000000000003,30.207,23.3572,95.0,150.6,62.41220163598788,3.507268856065833,16.022507999836108,0.8935857798298535,5
SOMPT22,SOMPT22-10,yolo11,m,nms,botsort,57.0,27.837600000000002,31.764,22.337,53.0,111.0,29.99625240817717,3.906964801573865,33.337497844477184,4.495768523407128,5
SOMPT22,SOMPT22-10,yolo11,m,nms,bytetrack,57.0,27.7366,31.205599999999997,25.376399999999997,120.6,180.0,71.01785056850251,3.8599171363961755,14.080966855444583,0.7633398929113614,5
SOMPT22,SOMPT22-10,yolo11,n,nms,botsort,57.0,25.2314,28.9096,20.157199999999996,60.4,125.2,32.149042469459424,3.0125078125652553,31.105125477686265,2.999012948803569,5
SOMPT22,SOMPT22-10,yolo11,n,nms,bytetrack,57.0,25.3126,28.913600000000002,24.299799999999998,137.0,231.0,74.26226234790082,9.171688737224034,13.465789600042626,1.726784342546377,5
SOMPT22,SOMPT22-10,yolo11,s,nms,botsort,57.0,26.406200000000002,29.9938,22.7066,63.0,131.0,30.66456133066404,2.8049054644427303,32.610934466556905,2.951790816822202,5
SOMPT22,SOMPT22-10,yolo11,s,nms,bytetrack,57.0,26.0556,28.8622,25.552799999999998,140.4,218.4,72.4229311445262,3.35309770423395,13.80778137803362,0.6223459958046957,5
SOMPT22,SOMPT22-10,yolo11,x,nms,botsort,57.0,24.830599999999997,28.019799999999996,18.721200000000003,37.4,82.0,25.445576255887904,0.2425269503123052,39.29956193342676,0.3781542620751009,5
SOMPT22,SOMPT22-10,yolo11,x,nms,bytetrack,57.0,25.3988,29.101,22.199199999999998,90.0,141.0,59.077597292067836,1.9485086621128598,16.92689015526816,0.5631331563005832,5
SOMPT22,SOMPT22-10,yolo26,l,end2end,botsort,57.0,24.2158,26.9044,18.675,52.0,173.0,27.239069498158933,2.3467689998046186,36.71197358880373,2.82231938675738,5
SOMPT22,SOMPT22-10,yolo26,l,end2end,bytetrack,57.0,25.032399999999996,28.0476,21.8108,101.0,284.0,57.839923034812706,4.258445326327742,17.289096311523785,1.2704117808673283,5
SOMPT22,SOMPT22-10,yolo26,l,nms,botsort,57.0,25.7534,28.656200000000002,19.839599999999997,46.0,92.0,27.511303201705406,2.1985662990417,36.348696122036515,2.6494620302237877,5
SOMPT22,SOMPT22-10,yolo26,l,nms,bytetrack,57.0,25.8702,28.912799999999997,23.228599999999997,99.0,148.0,61.81283338476366,1.5185636042782509,16.177870277768104,0.4086266944107125,5
SOMPT22,SOMPT22-10,yolo26,m,end2end,botsort,57.0,25.642599999999998,29.1766,19.415999999999997,38.4,118.2,26.213704417466218,1.5870819169513555,38.147984888915545,2.277282102340091,5
SOMPT22,SOMPT22-10,yolo26,m,end2end,bytetrack,57.0,24.9222,27.9926,22.128800000000002,119.4,225.0,73.93839997061042,0.2663121254144013,13.524771977720473,0.048793331077828635,5
SOMPT22,SOMPT22-10,yolo26,m,nms,botsort,57.0,25.587,29.017000000000003,20.069200000000002,46.0,90.0,26.6190630664951,1.047121791756231,37.56706227796126,1.4861861593702006,5
SOMPT22,SOMPT22-10,yolo26,m,nms,bytetrack,57.0,26.71,30.286600000000004,23.6246,98.0,168.0,71.99523581478695,0.8059794854976318,13.889807966912889,0.15601517023827843,5
SOMPT22,SOMPT22-10,yolo26,n,end2end,botsort,57.0,22.644,25.054000000000002,18.0034,63.2,158.6,27.838159863552193,0.637076819948222,35.921914555468696,0.814014063528641,5
SOMPT22,SOMPT22-10,yolo26,n,end2end,bytetrack,57.0,22.3106,24.477600000000002,19.9804,121.4,238.6,72.721063845849,3.7163212625502666,13.751173966868212,0.6954468379233958,5
SOMPT22,SOMPT22-10,yolo26,n,nms,botsort,57.0,21.6486,24.6712,17.446199999999997,55.0,101.8,28.651457157503547,0.9769562356291152,34.9022388111981,1.2017659871980078,5
SOMPT22,SOMPT22-10,yolo26,n,nms,bytetrack,57.0,22.718799999999998,25.6616,21.3678,116.0,187.0,73.71068452430863,3.3067582109159006,13.56655424452361,0.6400385525891267,5
SOMPT22,SOMPT22-10,yolo26,s,end2end,botsort,57.0,24.2648,27.365200000000005,18.632,41.0,121.8,28.036218067347612,0.7628076532702659,35.66814887792053,0.9692099270275142,5
SOMPT22,SOMPT22-10,yolo26,s,end2end,bytetrack,57.0,24.5654,27.160000000000004,21.193199999999997,106.2,199.0,71.44184368173964,3.71837531782521,13.997399121652254,0.7334921629572095,5
SOMPT22,SOMPT22-10,yolo26,s,nms,botsort,57.0,24.575,27.1132,19.066200000000002,48.0,95.0,27.69130507973728,1.4996426667597478,36.11241857761828,1.8551232250438874,5
SOMPT22,SOMPT22-10,yolo26,s,nms,bytetrack,57.0,24.526799999999998,26.833799999999997,22.3478,117.0,183.8,70.65611942027711,3.976643467839043,14.153055789149624,0.8084262253739374,5
SOMPT22,SOMPT22-10,yolo26,x,end2end,botsort,57.0,23.577,26.069200000000002,17.5052,38.2,148.2,26.07590535660058,0.059976929756295184,38.349579288792384,0.08824762618058626,5
SOMPT22,SOMPT22-10,yolo26,x,end2end,bytetrack,57.0,24.934999999999995,27.422199999999997,20.4406,82.0,259.4,62.76946101394767,0.8546468820221962,15.931314111137505,0.2163920732182377,5
SOMPT22,SOMPT22-10,yolo26,x,nms,botsort,57.0,24.7072,27.020999999999997,18.866,37.0,79.8,25.93248944551528,0.16565197776281043,38.561666133173276,0.246321364483527,5
SOMPT22,SOMPT22-10,yolo26,x,nms,bytetrack,57.0,27.196199999999997,30.3656,22.709600000000002,85.0,140.0,62.05473521078646,0.5171675731313637,16.114805688932798,0.13456260262339237,5
SOMPT22,SOMPT22-12,rtdetr,l,nms,botsort,40.0,38.3032,46.261,38.6476,40.0,97.6,19.823874649031474,0.5238759403995874,50.444225344658165,1.2875138311732897,5
SOMPT22,SOMPT22-12,rtdetr,l,nms,bytetrack,40.0,41.8644,49.5124,51.577200000000005,91.6,174.0,36.597885960751974,0.33419690454193157,27.32398262217693,0.24983747574397377,5
SOMPT22,SOMPT22-12,rtdetr,x,nms,botsort,40.0,37.8906,45.1222,37.970600000000005,37.0,85.0,19.573845457161866,1.7083445447198242,51.08858155585929,4.29743787019314,5
SOMPT22,SOMPT22-12,rtdetr,x,nms,bytetrack,40.0,40.43579999999999,47.214,52.062,88.6,177.4,33.99750638944274,1.0826912779032445,29.41392196665725,0.9249679282565324,5
SOMPT22,SOMPT22-12,yolo11,l,nms,botsort,40.0,35.93319999999999,42.8994,36.5476,48.0,106.0,22.705364802341332,0.9697244553255505,44.04245466678791,1.9745518691667872,5
SOMPT22,SOMPT22-12,yolo11,l,nms,bytetrack,40.0,35.58820000000001,42.467200000000005,41.7976,102.0,172.4,59.410783414535885,1.160589565410391,16.831961178201407,0.33324402703363937,5
SOMPT22,SOMPT22-12,yolo11,m,nms,botsort,40.0,35.76440000000001,43.03060000000001,40.998000000000005,61.6,112.6,23.918321623569447,0.3259750354495547,41.80895364391229,0.5702154128657584,5
SOMPT22,SOMPT22-12,yolo11,m,nms,bytetrack,40.0,36.7344,42.1462,47.298199999999994,117.4,195.0,66.94710700664247,0.6517556306929951,14.93716524450833,0.1458183815220299,5
SOMPT22,SOMPT22-12,yolo11,n,nms,botsort,40.0,33.5486,40.379599999999996,37.274,61.2,122.6,25.640346858381285,0.5378528899462443,39.00103245573377,0.8235595785099845,5
SOMPT22,SOMPT22-12,yolo11,n,nms,bytetrack,40.0,34.894400000000005,41.619600000000005,43.1768,135.2,231.0,68.84811548432052,4.7056060083733895,14.524725810799282,1.0823688841268837,5
SOMPT22,SOMPT22-12,yolo11,s,nms,botsort,40.0,36.9644,45.638,43.3284,77.0,130.0,25.18519121641338,0.6270015267497129,39.70587284436786,0.9833012798535404,5
SOMPT22,SOMPT22-12,yolo11,s,nms,bytetrack,40.0,38.431599999999996,46.096799999999995,49.1426,118.0,214.0,64.54714081172285,5.59393906739741,15.492552999626948,1.3876209644829378,5
SOMPT22,SOMPT22-12,yolo11,x,nms,botsort,40.0,35.4774,43.7138,39.3626,49.8,100.8,22.244994708878238,0.39347402114875224,44.95393292230761,0.8038589885649694,5
SOMPT22,SOMPT22-12,yolo11,x,nms,bytetrack,40.0,37.9262,45.197399999999995,44.8254,87.0,163.8,57.630285904831744,1.4582349111342419,17.351987488858867,0.4431252875479144,5
SOMPT22,SOMPT22-12,yolo26,l,end2end,botsort,40.0,36.2528,43.427200000000006,38.0252,61.8,320.4,22.664616018470664,1.0346776933493849,44.12163873347971,2.101016788293034,5
SOMPT22,SOMPT22-12,yolo26,l,end2end,bytetrack,40.0,38.1374,45.284000000000006,43.05799999999999,115.4,462.2,60.01147891484124,1.0307786624023516,16.66347868911948,0.28612413475538573,5
SOMPT22,SOMPT22-12,yolo26,l,nms,botsort,40.0,39.397,47.46020000000001,40.894800000000004,52.0,119.0,22.81321818537816,0.9068676250108879,43.834236444594964,1.8333706463029542,5
SOMPT22,SOMPT22-12,yolo26,l,nms,bytetrack,40.0,39.369600000000005,46.9898,45.8846,111.4,184.6,59.570057398791484,1.3935006767264224,16.786957133606645,0.39901464492565153,5
SOMPT22,SOMPT22-12,yolo26,m,end2end,botsort,40.0,34.0298,40.7214,37.391,58.8,146.6,23.45310026350456,1.2814077176015066,42.63828614403287,2.365989842591964,5
SOMPT22,SOMPT22-12,yolo26,m,end2end,bytetrack,40.0,34.49060000000001,40.5392,42.1684,114.0,252.6,68.47998402619794,0.9005749306844394,14.602807144602087,0.19436655982846715,5
SOMPT22,SOMPT22-12,yolo26,m,nms,botsort,40.0,36.6642,43.8968,39.5612,56.0,110.0,24.187974450557643,0.4203770302586118,41.34285828869583,0.7211900508207828,5
SOMPT22,SOMPT22-12,yolo26,m,nms,bytetrack,40.0,36.5712,43.1232,45.002399999999994,110.0,196.8,66.53033241367147,0.6708058090733253,15.030738066694337,0.1524007751182612,5
SOMPT22,SOMPT22-12,yolo26,n,end2end,botsort,40.0,31.6076,38.1314,35.7322,73.0,180.0,25.330672944293667,0.8185230844575041,39.477829988929436,1.2899766772904804,5
SOMPT22,SOMPT22-12,yolo26,n,end2end,bytetrack,40.0,33.3994,40.0446,39.59160000000001,119.8,293.0,71.08584277182314,3.0956639272963717,14.067498689012911,0.6427006045410977,5
SOMPT22,SOMPT22-12,yolo26,n,nms,botsort,40.0,33.011399999999995,40.040200000000006,36.0644,63.0,111.0,24.991385219456788,1.1672518325382746,40.01378840023082,1.9025521886582595,5
SOMPT22,SOMPT22-12,yolo26,n,nms,bytetrack,40.0,34.451,42.0426,42.9868,130.0,195.6,65.9939532470664,6.918182182173363,15.152903422170008,1.666093302521185,5
SOMPT22,SOMPT22-12,yolo26,s,end2end,botsort,40.0,37.327600000000004,45.9692,42.483200000000004,63.8,213.2,24.241969701367072,1.2380992207916317,41.25077344451954,2.2247404206394528,5
SOMPT22,SOMPT22-12,yolo26,s,end2end,bytetrack,40.0,37.0904,44.388600000000004,46.57,124.8,359.6,67.31979378246676,3.511576557914274,14.854472121993442,0.8233284417928542,5
SOMPT22,SOMPT22-12,yolo26,s,nms,botsort,40.0,40.062799999999996,49.6356,45.69799999999999,60.0,121.0,24.178584703066335,0.763741923251557,41.35891377766126,1.3199118148690148,5
SOMPT22,SOMPT22-12,yolo26,s,nms,bytetrack,40.0,40.045,47.7764,50.4276,104.8,198.0,64.5811131878659,4.3917270129718196,15.484403266493853,1.1380569568766437,5
SOMPT22,SOMPT22-12,yolo26,x,end2end,botsort,40.0,33.6648,39.479,33.331,57.0,226.6,22.92333938321261,0.16722715924188714,43.623661600208536,0.31962767169193546,5
SOMPT22,SOMPT22-12,yolo26,x,end2end,bytetrack,40.0,33.254599999999996,39.1938,36.940599999999996,102.4,338.8,60.32462939194644,0.32349573905504514,16.576977100061615,0.08881610948773123,5
SOMPT22,SOMPT22-12,yolo26,x,nms,botsort,40.0,34.893,42.296,36.12179999999999,41.0,86.0,22.876354428361072,0.6483792885136413,43.713258733229154,1.2072809661801713,5
SOMPT22,SOMPT22-12,yolo26,x,nms,bytetrack,40.0,35.373599999999996,42.0004,41.458,87.6,142.2,59.03122731264057,1.2709992947456736,16.940186499999577,0.3719359142998329,5
