family,scale,mode,label,dataset,metric,mean,std,n,ci_low,ci_high,ci_half_width
rtdetr,l,nms,RT-DETR-L,MOT17,HOTA,39.02786666666666,5.721161830890479,15,35.85959284841405,42.19614048491927,3.1682738182526116
rtdetr,l,nms,RT-DETR-L,MOT20,HOTA,11.685286666666668,9.63563044982132,15,6.349252382215236,17.0213209511181,5.336034284451432
rtdetr,l,nms,RT-DETR-L,SOMPT22,HOTA,31.63286666666666,4.894958906389112,15,28.92212877758982,34.343604555743504,2.7107378890768423
rtdetr,x,nms,RT-DETR-X,MOT17,HOTA,38.62513333333334,7.508898843245607,15,34.46684375646613,42.78342291020054,4.1582895768672055
rtdetr,x,nms,RT-DETR-X,MOT20,HOTA,13.16261333333333,10.071682866253331,15,7.585101269507092,18.740125397159566,5.577512063826237
rtdetr,x,nms,RT-DETR-X,SOMPT22,HOTA,32.087066666666665,4.25605326004985,15,29.73014293133408,34.44399040199925,2.3569237353325874
yolo11,l,nms,YOLO11-L,MOT17,HOTA,37.845733333333335,7.463335863373952,15,33.71267569369775,41.97879097296892,4.133057639635592
yolo11,l,nms,YOLO11-L,MOT20,HOTA,8.5694,8.426530115822118,15,3.902943162417243,13.235856837582757,4.666456837582757
yolo11,l,nms,YOLO11-L,SOMPT22,HOTA,29.8482,4.4798781424753695,15,27.36732617623723,32.32907382376277,2.480873823762767
yolo11,m,nms,YOLO11-M,MOT17,HOTA,36.89253333333333,6.717229029748444,15,33.17265588619496,40.612410780471706,3.719877447138375
yolo11,m,nms,YOLO11-M,MOT20,HOTA,9.650853333333334,9.33467706388134,15,4.48148147888691,14.820225187779759,5.169371854446424
yolo11,m,nms,YOLO11-M,SOMPT22,HOTA,30.3342,3.9788567848423138,15,28.130782556024187,32.53761744397581,2.2034174439758107
yolo11,n,nms,YOLO11-N,MOT17,HOTA,34.462599999999995,7.625967355967749,15,30.239480041688815,38.685719958311175,4.22311995831118
yolo11,n,nms,YOLO11-N,MOT20,HOTA,10.75448,8.486634875177051,15,6.054738256126281,15.454221743873717,4.699741743873719
yolo11,n,nms,YOLO11-N,SOMPT22,HOTA,27.526866666666667,4.448736800914337,15,25.063238343039966,29.990494990293367,2.4636283236267005
yolo11,s,nms,YOLO11-S,MOT17,HOTA,36.625066666666676,6.236187840416,15,33.17158095091302,40.078552382420334,3.453485715753657
yolo11,s,nms,YOLO11-S,MOT20,HOTA,10.880086666666667,9.26385763135937,15,5.749933306735009,16.010240026598325,5.130153359931658
yolo11,s,nms,YOLO11-S,SOMPT22,HOTA,30.3372,4.8785989382198665,15,27.635521959315874,33.038878040684125,2.701678040684125
yolo11,x,nms,YOLO11-X,MOT17,HOTA,36.635466666666666,7.842471939625255,15,32.29245046626177,40.97848286707156,4.343016200404893
yolo11,x,nms,YOLO11-X,MOT20,HOTA,9.029620000000003,8.820387661321922,15,4.145052123713409,13.914187876286597,4.884567876286594
yolo11,x,nms,YOLO11-X,SOMPT22,HOTA,29.92446666666666,4.512223950664724,15,27.42568033138163,32.42325300195169,2.4987863352850295
yolo26,l,end2end,YOLO26-L (E2E),MOT17,HOTA,37.5966,7.571695826280548,15,33.403534613062085,41.78966538693792,4.193065386937918
yolo26,l,end2end,YOLO26-L (E2E),MOT20,HOTA,8.543273333333333,8.36383519756907,15,3.9115357842290326,13.175010882437634,4.631737549104301
yolo26,l,end2end,YOLO26-L (E2E),SOMPT22,HOTA,29.601266666666668,5.170291888232598,15,26.738054454460887,32.46447887887245,2.8632122122057804
yolo26,l,nms,YOLO26-L (NMS),MOT17,HOTA,38.185066666666664,7.016147400987307,15,34.29965374310157,42.070479590231756,3.885412923565092
yolo26,l,nms,YOLO26-L (NMS),MOT20,HOTA,9.334593333333332,8.601850926853448,15,4.571047066749242,14.098139599917424,4.763546266584091
yolo26,l,nms,YOLO26-L (NMS),SOMPT22,HOTA,31.785599999999995,5.880199593308279,15,28.529254004508626,35.04194599549136,3.256345995491368
yolo26,m,end2end,YOLO26-M (E2E),MOT17,HOTA,38.13006666666666,7.403754361004641,15,34.03000416326189,42.23012917007142,4.1000625034047635
yolo26,m,end2end,YOLO26-M (E2E),MOT20,HOTA,7.54262,8.815527741531662,15,2.6607434575867375,12.424496542413262,4.881876542413263
yolo26,m,end2end,YOLO26-M (E2E),SOMPT22,HOTA,28.70626666666666,3.9112064354815614,15,26.54031273744725,30.872220595886073,2.165953929219411
yolo26,m,nms,YOLO26-M (NMS),MOT17,HOTA,38.07726666666666,6.969042129986288,15,34.21793977269234,41.93659356064098,3.8593268939743175
yolo26,m,nms,YOLO26-M (NMS),MOT20,HOTA,8.025653666666669,8.98083882713001,15,3.0522308964329925,12.999076436900346,4.973422770233676
yolo26,m,nms,YOLO26-M (NMS),SOMPT22,HOTA,29.771866666666664,5.08317491993603,15,26.956898223460616,32.586835109872716,2.8149684432060487
yolo26,n,end2end,YOLO26-N (E2E),MOT17,HOTA,32.6258,7.264528076305342,15,28.602838443162362,36.648761556837634,4.022961556837637
yolo26,n,end2end,YOLO26-N (E2E),MOT20,HOTA,7.954113333333336,7.443161148316589,15,3.832228078502842,12.075998588163829,4.121885254830493
yolo26,n,end2end,YOLO26-N (E2E),SOMPT22,HOTA,25.718666666666667,4.311666029782566,15,23.330945605980805,28.10638772735253,2.3877210606858634
yolo26,n,nms,YOLO26-N (NMS),MOT17,HOTA,33.4344,8.096678391255798,15,28.950608958935405,37.91819104106459,4.483791041064591
yolo26,n,nms,YOLO26-N (NMS),MOT20,HOTA,7.587353333333334,7.1939635789683996,15,3.6034690926106987,11.571237574055969,3.983884240722635
yolo26,n,nms,YOLO26-N (NMS),SOMPT22,HOTA,25.728733333333334,5.343252787617386,15,22.7697385676358,28.687728099030867,2.958994765697534
yolo26,s,end2end,YOLO26-S (E2E),MOT17,HOTA,36.58253333333334,7.1859524854962356,15,32.603085488303336,40.56198117836334,3.9794478450299993
yolo26,s,end2end,YOLO26-S (E2E),MOT20,HOTA,8.182259999999998,9.008325228269998,15,3.1936157681709476,13.170904231829049,4.98864423182905
yolo26,s,end2end,YOLO26-S (E2E),SOMPT22,HOTA,29.877933333333328,5.681354824167844,15,26.73170390062866,33.024162766037996,3.146229432704668
yolo26,s,nms,YOLO26-S (NMS),MOT17,HOTA,37.01193333333333,7.317129164469069,15,32.959842264804394,41.06402440186227,4.052091068528934
yolo26,s,nms,YOLO26-S (NMS),MOT20,HOTA,8.118,9.112170662016503,15,3.071848083786338,13.164151916213662,5.046151916213662
yolo26,s,nms,YOLO26-S (NMS),SOMPT22,HOTA,31.1646,6.759423906137057,15,27.421355809169,34.907844190831,3.7432441908310006
yolo26,x,end2end,YOLO26-X (E2E),MOT17,HOTA,37.156,8.131981861760393,15,32.652658548616785,41.65934145138321,4.503341451383215
yolo26,x,end2end,YOLO26-X (E2E),MOT20,HOTA,8.447093333333335,8.331195343789567,15,3.8334311327714987,13.060755533895172,4.613662200561836
yolo26,x,end2end,YOLO26-X (E2E),SOMPT22,HOTA,28.30566666666667,4.2877899846402165,15,25.93116771906621,30.680165614267132,2.3744989476004608
yolo26,x,nms,YOLO26-X (NMS),MOT17,HOTA,37.9008,6.688419621149037,15,34.196876671567374,41.60472332843262,3.7039233284326234
yolo26,x,nms,YOLO26-X (NMS),MOT20,HOTA,9.631013333333332,8.662898903111119,15,4.833659824347853,14.42836684231881,4.797353508985479
yolo26,x,nms,YOLO26-X (NMS),SOMPT22,HOTA,29.369133333333334,4.350273338976474,15,26.960032257446397,31.77823440922027,2.409101075886937
rtdetr,l,nms,RT-DETR-L,MOT17,IDF1,46.862733333333345,11.492940680924011,15,40.49815492593766,53.22731174072903,6.3645784073956815
rtdetr,l,nms,RT-DETR-L,MOT20,IDF1,12.173200000000003,13.75746555692581,15,4.554569515860054,19.79183048413995,7.618630484139949
rtdetr,l,nms,RT-DETR-L,SOMPT22,IDF1,36.40173333333334,7.32380244200537,15,32.345946726883064,40.457519939783616,4.055786606450278
rtdetr,x,nms,RT-DETR-X,MOT17,IDF1,46.47653333333332,12.871209505085742,15,39.34869509180256,53.60437157486408,7.127838241530763
rtdetr,x,nms,RT-DETR-X,MOT20,IDF1,14.07009333333334,14.379277343627264,15,6.107114959390655,22.033071707276022,7.9629783739426845
rtdetr,x,nms,RT-DETR-X,SOMPT22,IDF1,36.427533333333336,6.431314571983671,15,32.865990035371624,39.98907663129505,3.5615432979617156
yolo11,l,nms,YOLO11-L,MOT17,IDF1,43.869533333333344,15.492146530542806,15,35.29026854550053,52.448798121166156,8.579264787832814
yolo11,l,nms,YOLO11-L,MOT20,IDF1,8.682723333333335,10.429532827526474,15,2.907040566304329,14.458406100362343,5.775682767029006
yolo11,l,nms,YOLO11-L,SOMPT22,IDF1,33.58506666666667,6.867044232800463,15,29.782224325432296,37.387909007901044,3.802842341234376
yolo11,m,nms,YOLO11-M,MOT17,IDF1,42.878399999999985,13.703403924364403,15,35.2897078500794,50.46709214992057,7.58869214992058
yolo11,m,nms,YOLO11-M,MOT20,IDF1,10.13576066666667,12.426060776741107,15,3.25443757414424,17.0170837591891,6.88132309252243
yolo11,m,nms,YOLO11-M,SOMPT22,IDF1,34.269666666666666,6.6052124294450385,15,30.611821945125165,37.92751138820817,3.6578447215414998
yolo11,n,nms,YOLO11-N,MOT17,IDF1,39.2966,15.601263679586983,15,30.656908149158333,47.93629185084166,8.639691850841663
yolo11,n,nms,YOLO11-N,MOT20,IDF1,12.359918,11.109957116083624,15,6.207428821535637,18.512407178464365,6.152489178464363
yolo11,n,nms,YOLO11-N,SOMPT22,IDF1,31.361533333333337,6.825683104136555,15,27.581596021691322,35.14147064497535,3.7799373116420143
yolo11,s,nms,YOLO11-S,MOT17,IDF1,42.34773333333333,12.963280038338327,15,35.16890812996525,49.52655853670141,7.178825203368079
yolo11,s,nms,YOLO11-S,MOT20,IDF1,12.110333333333333,12.740902615909723,15,5.0546566417669885,19.166010024899677,7.055676691566345
yolo11,s,nms,YOLO11-S,SOMPT22,IDF1,34.85493333333333,7.905116828147871,15,30.47722554999122,39.23264111667544,4.377707783342107
yolo11,x,nms,YOLO11-X,MOT17,IDF1,42.213666666666676,15.99421958827924,15,33.356363086942395,51.07097024639096,8.857303579724285
yolo11,x,nms,YOLO11-X,MOT20,IDF1,8.982036666666666,10.98193818051887,15,2.9004420116888445,15.063631321644486,6.081594654977821
yolo11,x,nms,YOLO11-X,SOMPT22,IDF1,34.365066666666664,6.987154647398801,15,30.495709394878023,38.2344239384553,3.869357271788639
yolo26,l,end2end,YOLO26-L (E2E),MOT17,IDF1,43.928999999999995,15.828713087298032,15,35.16335086552809,52.6946491344719,8.765649134471905
yolo26,l,end2end,YOLO26-L (E2E),MOT20,IDF1,9.004146,11.005143466817035,15,2.9097006858035286,15.098591314196472,6.094445314196472
yolo26,l,end2end,YOLO26-L (E2E),SOMPT22,IDF1,33.234,7.5330902404941735,15,29.062313673871877,37.40568632612813,4.171686326128125
yolo26,l,nms,YOLO26-L (NMS),MOT17,IDF1,44.55153333333333,15.118329787128632,15,36.179281357931174,52.92378530873549,8.372251975402156
yolo26,l,nms,YOLO26-L (NMS),MOT20,IDF1,9.821115333333333,11.60095689361188,15,3.3967195411613647,16.245511125505303,6.4243957921719685
yolo26,l,nms,YOLO26-L (NMS),SOMPT22,IDF1,36.05073333333333,8.472124758513033,15,31.359027024234102,40.742439642432565,4.6917063090992315
yolo26,m,end2end,YOLO26-M (E2E),MOT17,IDF1,44.9022,15.03418890966282,15,36.576543689429485,53.227856310570516,8.325656310570517
yolo26,m,end2end,YOLO26-M (E2E),MOT20,IDF1,8.09694,10.701166569104242,15,2.1708314808190243,14.023048519180975,5.926108519180976
yolo26,m,end2end,YOLO26-M (E2E),SOMPT22,IDF1,32.33,6.204728001405749,15,28.893936162390823,35.766063837609174,3.4360638376091774
yolo26,m,nms,YOLO26-M (NMS),MOT17,IDF1,44.502533333333325,14.254994181823069,15,36.608380680325126,52.396685986341524,7.894152653008201
yolo26,m,nms,YOLO26-M (NMS),MOT20,IDF1,8.584066666666667,11.10993311582456,15,2.4315907791027653,14.736542554230567,6.152475887563901
yolo26,m,nms,YOLO26-M (NMS),SOMPT22,IDF1,33.58913333333333,7.56059657384131,15,29.40221450752143,37.77605215914523,4.186918825811899
yolo26,n,end2end,YOLO26-N (E2E),MOT17,IDF1,36.571400000000004,15.025381353848275,15,28.250621151265882,44.892178848734126,8.32077884873412
yolo26,n,end2end,YOLO26-N (E2E),MOT20,IDF1,8.387370666666667,9.607884341087098,15,3.0667016650824994,13.708039668250835,5.320669001584168
yolo26,n,end2end,YOLO26-N (E2E),SOMPT22,IDF1,28.991799999999998,6.710845201186339,15,25.27545779928383,32.70814220071617,3.716342200716167
yolo26,n,nms,YOLO26-N (NMS),MOT17,IDF1,37.107533333333336,16.98596775857172,15,27.701017923020345,46.51404874364633,9.406515410312991
yolo26,n,nms,YOLO26-N (NMS),MOT20,IDF1,7.618903333333336,8.933117083696139,15,2.6719079837446307,12.56589868292204,4.946995349588705
yolo26,n,nms,YOLO26-N (NMS),SOMPT22,IDF1,29.37513333333333,7.8240887179700795,15,25.04229742175557,33.70796924491109,4.332835911577761
yolo26,s,end2end,YOLO26-S (E2E),MOT17,IDF1,42.697333333333326,14.490316390446349,15,34.672863584869276,50.721803081797376,8.024469748464051
yolo26,s,end2end,YOLO26-S (E2E),MOT20,IDF1,8.563317066666666,11.172086335370995,15,2.3764218733691216,14.750212259964211,6.186895193297545
yolo26,s,end2end,YOLO26-S (E2E),SOMPT22,IDF1,34.019733333333335,8.764980095052506,15,29.165849144509775,38.87361752215689,4.853884188823559
yolo26,s,nms,YOLO26-S (NMS),MOT17,IDF1,43.14006666666667,15.076904212672284,15,34.79075540974716,51.489377923586176,8.34931125691951
yolo26,s,nms,YOLO26-S (NMS),MOT20,IDF1,8.629918666666663,11.366301188161602,15,2.3354708727959412,14.924366460537385,6.294447793870722
yolo26,s,nms,YOLO26-S (NMS),SOMPT22,IDF1,35.40186666666668,10.46501310398925,15,29.60653557744297,41.197197755890386,5.79533108922371
yolo26,x,end2end,YOLO26-X (E2E),MOT17,IDF1,43.522333333333336,15.683450165548333,15,34.837128123600195,52.20753854306648,8.68520520973314
yolo26,x,end2end,YOLO26-X (E2E),MOT20,IDF1,8.356943999999999,10.317215383146754,15,2.643460560464219,14.070427439535777,5.713483439535779
yolo26,x,end2end,YOLO26-X (E2E),SOMPT22,IDF1,31.592799999999997,5.924662620894845,15,28.3118312005491,34.87376879945089,3.280968799450898
yolo26,x,nms,YOLO26-X (NMS),MOT17,IDF1,44.13986666666667,13.481357492407627,15,36.674139732134094,51.605593601199246,7.465726934532578
yolo26,x,nms,YOLO26-X (NMS),MOT20,IDF1,9.47933933333333,11.038585985478695,15,3.3663741695985916,15.592304497068069,6.112965163734739
yolo26,x,nms,YOLO26-X (NMS),SOMPT22,IDF1,33.16393333333334,6.815561673391969,15,29.389601083211904,36.93826558345477,3.7743322501214354
rtdetr,l,nms,RT-DETR-L,MOT17,MOTA,34.74693333333333,14.392068581919235,15,26.776871407730795,42.71699525893587,7.970061925602536
rtdetr,l,nms,RT-DETR-L,MOT20,MOTA,7.207676666666665,9.132067879140962,15,2.1505060388809696,12.26484729445236,5.057170627785696
rtdetr,l,nms,RT-DETR-L,SOMPT22,MOTA,27.551266666666667,8.170344034255548,15,23.02668095226131,32.075852381072025,4.52458571440536
rtdetr,x,nms,RT-DETR-X,MOT17,MOTA,35.548866666666676,14.181921242335594,15,27.695180458734523,43.402552874598825,7.853686207932152
rtdetr,x,nms,RT-DETR-X,MOT20,MOTA,8.640049999999997,9.995277592168213,15,3.104849766640303,14.17525023335969,5.535200233359694
rtdetr,x,nms,RT-DETR-X,SOMPT22,MOTA,27.9732,7.481923608652677,15,23.82984881012974,32.11655118987026,4.143351189870259
yolo11,l,nms,YOLO11-L,MOT17,MOTA,30.916533333333334,15.642159281280586,15,22.254194253142565,39.5788724135241,8.66233908019077
yolo11,l,nms,YOLO11-L,MOT20,MOTA,5.121130000000003,6.6158280352662056,15,1.4574065519022121,8.784853448097794,3.6637234480977905
yolo11,l,nms,YOLO11-L,SOMPT22,MOTA,25.447866666666666,8.127367653856465,15,20.94708047844959,29.948652854883743,4.500786188217077
yolo11,m,nms,YOLO11-M,MOT17,MOTA,31.38493333333333,15.432335511917211,15,22.83879078359756,39.9310758830691,8.546142549735768
yolo11,m,nms,YOLO11-M,MOT20,MOTA,6.363214000000001,8.312347651433809,15,1.7599893035658773,10.966438696434125,4.603224696434124
yolo11,m,nms,YOLO11-M,SOMPT22,MOTA,27.3726,10.085263646953978,15,21.7875671505017,32.957632849498296,5.585032849498296
yolo11,n,nms,YOLO11-N,MOT17,MOTA,28.5836,14.66808595849214,15,20.460684746100227,36.706515253899774,8.122915253899771
yolo11,n,nms,YOLO11-N,MOT20,MOTA,7.474093333333332,7.41371380640602,15,3.368515472901062,11.579671193765602,4.105577860432271
yolo11,n,nms,YOLO11-N,SOMPT22,MOTA,24.302399999999995,9.6981602953491,15,18.931737841298375,29.673062158701615,5.370662158701619
yolo11,s,nms,YOLO11-S,MOT17,MOTA,31.106199999999998,14.128919295443048,15,23.28186529192394,38.93053470807605,7.824334708076059
yolo11,s,nms,YOLO11-S,MOT20,MOTA,7.756886666666666,9.082533392559169,15,2.7271473232208594,12.786626010112471,5.029739343445806
yolo11,s,nms,YOLO11-S,SOMPT22,MOTA,28.14213333333333,11.263793498682066,15,21.904452405764836,34.379814260901824,6.237680927568492
yolo11,x,nms,YOLO11-X,MOT17,MOTA,31.007533333333335,16.7719403804035,15,21.719542334439428,40.295524332227245,9.287990998893907
yolo11,x,nms,YOLO11-X,MOT20,MOTA,5.27216,7.073503192781193,15,1.3549844976376164,9.189335502362384,3.917175502362384
yolo11,x,nms,YOLO11-X,SOMPT22,MOTA,26.74813333333333,9.346550317528667,15,21.5721862901787,31.924080376487964,5.175947043154632
yolo26,l,end2end,YOLO26-L (E2E),MOT17,MOTA,30.914399999999993,16.5827983154662,15,21.731152385401828,40.09764761459816,9.183247614598166
yolo26,l,end2end,YOLO26-L (E2E),MOT20,MOTA,5.203847999999999,6.722379110750897,15,1.4811185330649015,8.926577466935097,3.7227294669350974
yolo26,l,end2end,YOLO26-L (E2E),SOMPT22,MOTA,26.17526666666667,8.774879889016525,15,21.31590015468054,31.034633178652797,4.859366511986129
yolo26,l,nms,YOLO26-L (NMS),MOT17,MOTA,31.12366666666667,16.15637278363586,15,22.176565640448125,40.07076769288521,8.947101026218542
yolo26,l,nms,YOLO26-L (NMS),MOT20,MOTA,5.814600666666668,7.342391577036411,15,1.7485197403625428,9.880681592970793,4.066080926304125
yolo26,l,nms,YOLO26-L (NMS),SOMPT22,MOTA,27.466533333333338,9.858720446289936,15,22.006955926729816,32.92611073993686,5.459577406603524
yolo26,m,end2end,YOLO26-M (E2E),MOT17,MOTA,31.530466666666666,15.946583686378306,15,22.699542970130913,40.36139036320242,8.830923696535752
yolo26,m,end2end,YOLO26-M (E2E),MOT20,MOTA,4.994334666666665,6.792641528774109,15,1.2326951695645985,8.755974163768732,3.761639497102067
yolo26,m,end2end,YOLO26-M (E2E),SOMPT22,MOTA,24.7378,9.300050999860163,15,19.58760342066555,29.88799657933445,5.150196579334453
yolo26,m,nms,YOLO26-M (NMS),MOT17,MOTA,30.977533333333326,14.97329933518169,15,22.685596545184197,39.269470121482456,8.291936788149128
yolo26,m,nms,YOLO26-M (NMS),MOT20,MOTA,5.291016000000001,7.21144751725279,15,1.2974494769816114,9.28458252301839,3.9935665230183894
yolo26,m,nms,YOLO26-M (NMS),SOMPT22,MOTA,25.872999999999998,10.057296881937441,15,20.303454628745143,31.44254537125485,5.569545371254856
yolo26,n,end2end,YOLO26-N (E2E),MOT17,MOTA,26.92086666666667,15.41177846818403,15,18.386108228299477,35.45562510503386,8.53475843836719
yolo26,n,end2end,YOLO26-N (E2E),MOT20,MOTA,5.047264666666667,6.2743861784820565,15,1.572625416373573,8.521903916959761,3.474639250293094
yolo26,n,end2end,YOLO26-N (E2E),SOMPT22,MOTA,22.69513333333333,9.666254902396027,15,17.342139792325497,28.048126874341165,5.352993541007834
yolo26,n,nms,YOLO26-N (NMS),MOT17,MOTA,26.544533333333334,15.279016459869148,15,18.083296044592007,35.005770622074664,8.461237288741327
yolo26,n,nms,YOLO26-N (NMS),MOT20,MOTA,4.453321333333336,5.7412365277827275,15,1.2739305184892875,7.632712148177385,3.1793908148440484
yolo26,n,nms,YOLO26-N (NMS),SOMPT22,MOTA,22.480866666666664,10.052423459520785,15,16.914020106790403,28.047713226542925,5.566846559876263
yolo26,s,end2end,YOLO26-S (E2E),MOT17,MOTA,30.767799999999998,15.01162869340204,15,22.45463712076841,39.080962879231585,8.313162879231585
yolo26,s,end2end,YOLO26-S (E2E),MOT20,MOTA,5.314589333333332,7.227180796003047,15,1.3123100109547554,9.31686865571191,4.002279322378577
yolo26,s,end2end,YOLO26-S (E2E),SOMPT22,MOTA,27.294999999999998,11.153284865263428,15,21.118516713802308,33.47148328619769,6.1764832861976915
yolo26,s,nms,YOLO26-S (NMS),MOT17,MOTA,30.40786666666667,14.828472379979319,15,22.196132373029656,38.619600960303686,8.211734293637013
yolo26,s,nms,YOLO26-S (NMS),MOT20,MOTA,5.258572333333333,7.2433634570659775,15,1.2473313519647053,9.269813314701961,4.011240981368628
yolo26,s,nms,YOLO26-S (NMS),SOMPT22,MOTA,28.262400000000003,12.767956200694655,15,21.1917415325466,35.333058467453405,7.0706584674534
yolo26,x,end2end,YOLO26-X (E2E),MOT17,MOTA,31.7964,16.689863411236004,15,22.553861711618637,41.03893828838136,9.24253828838136
yolo26,x,end2end,YOLO26-X (E2E),MOT20,MOTA,4.839685933333333,6.437593492035974,15,1.2746654853456896,8.404706381320976,3.565020447987643
yolo26,x,end2end,YOLO26-X (E2E),SOMPT22,MOTA,23.490866666666662,7.25834766583244,15,19.471327707068212,27.51040562626511,4.019538959598449
yolo26,x,nms,YOLO26-X (NMS),MOT17,MOTA,32.422066666666666,16.2579327515026,15,23.4187236048816,41.42540972845173,9.003343061785065
yolo26,x,nms,YOLO26-X (NMS),MOT20,MOTA,5.606734,7.174807714589987,15,1.6334579233828506,9.58001007661715,3.9732760766171498
yolo26,x,nms,YOLO26-X (NMS),SOMPT22,MOTA,25.009466666666665,8.148527858863014,15,20.49696234750123,29.521970985832098,4.512504319165433
rtdetr,l,nms,RT-DETR-L,MOT17,IDSW,36.733333333333334,30.35614003945887,15,19.92266330632279,53.54400336034388,16.810670027010545
rtdetr,l,nms,RT-DETR-L,MOT20,IDSW,21.333333333333332,29.03610232271608,15,5.253675828024381,37.41299083864229,16.07965750530895
rtdetr,l,nms,RT-DETR-L,SOMPT22,IDSW,35.93333333333333,9.535397711884363,15,30.652806089011893,41.21386057765476,5.280527244321436
rtdetr,x,nms,RT-DETR-X,MOT17,IDSW,35.46666666666667,25.396475195998214,15,21.402567482312847,49.53076585102049,14.064099184353822
rtdetr,x,nms,RT-DETR-X,MOT20,IDSW,29.266666666666666,39.203619852302026,15,7.5564256299357915,50.97690770339754,21.710241036730874
rtdetr,x,nms,RT-DETR-X,SOMPT22,IDSW,36.0,11.433034842695342,15,29.668596340047326,42.33140365995267,6.331403659952674
yolo11,l,nms,YOLO11-L,MOT17,IDSW,24.2,22.650134026724245,15,11.656773862029778,36.74322613797022,12.54322613797022
yolo11,l,nms,YOLO11-L,MOT20,IDSW,9.666666666666666,13.425278218275226,15,2.231995399012969,17.101337934320362,7.434671267653697
yolo11,l,nms,YOLO11-L,SOMPT22,IDSW,36.666666666666664,10.701579767670264,15,30.740329325746824,42.5930040075865,5.92633734091984
yolo11,m,nms,YOLO11-M,MOT17,IDSW,24.666666666666668,20.879472717297745,15,13.10400007821992,36.22933325511342,11.562666588446747
yolo11,m,nms,YOLO11-M,MOT20,IDSW,22.8,28.408248299192458,15,7.068036463715664,38.53196353628434,15.731963536284336
yolo11,m,nms,YOLO11-M,SOMPT22,IDSW,46.6,16.088150031267467,15,37.69067947475783,55.509320525242174,8.909320525242174
yolo11,n,nms,YOLO11-N,MOT17,IDSW,22.666666666666668,15.70562531918633,15,13.96918126616744,31.364152067165897,8.697485400499227
yolo11,n,nms,YOLO11-N,MOT20,IDSW,34.53333333333333,37.98470870282008,15,13.498102791993176,55.56856387467349,21.035230541340155
yolo11,n,nms,YOLO11-N,SOMPT22,IDSW,47.86666666666667,18.950562248223918,15,37.37219509132424,58.3611382420091,10.49447157534243
yolo11,s,nms,YOLO11-S,MOT17,IDSW,22.333333333333332,15.864005379054392,15,13.548139979127235,31.11852668753943,8.785193354206097
yolo11,s,nms,YOLO11-S,MOT20,IDSW,44.666666666666664,40.482212437186824,15,22.248364657244878,67.08496867608845,22.418302009421787
yolo11,s,nms,YOLO11-S,SOMPT22,IDSW,54.0,24.157223113831368,15,40.622175744096005,67.37782425590399,13.377824255903993
yolo11,x,nms,YOLO11-X,MOT17,IDSW,27.0,22.535685985945555,15,14.520153074481279,39.47984692551872,12.479846925518721
yolo11,x,nms,YOLO11-X,MOT20,IDSW,11.333333333333334,15.864005379054392,15,2.548139979127237,20.11852668753943,8.785193354206097
yolo11,x,nms,YOLO11-X,SOMPT22,IDSW,39.06666666666667,8.514413549695485,15,34.35154160559551,43.78179172773783,4.7151250610711655
yolo26,l,end2end,YOLO26-L (E2E),MOT17,IDSW,23.533333333333335,21.030137105275056,15,11.887231587853586,35.179435078813086,11.646101745479749
yolo26,l,end2end,YOLO26-L (E2E),MOT20,IDSW,18.333333333333332,21.750752586870135,15,6.28816803558035,30.378498631086316,12.045165297752982
yolo26,l,end2end,YOLO26-L (E2E),SOMPT22,IDSW,51.6,8.797726979169108,15,46.727981191208904,56.4720188087911,4.872018808791097
yolo26,l,nms,YOLO26-L (NMS),MOT17,IDSW,20.666666666666668,20.041623354076552,15,9.567985590183696,31.76534774314964,11.098681076482972
yolo26,l,nms,YOLO26-L (NMS),MOT20,IDSW,12.666666666666666,16.351787436881402,15,3.611348612529442,21.72198472080389,9.055318054137224
yolo26,l,nms,YOLO26-L (NMS),SOMPT22,IDSW,41.666666666666664,11.030261405182864,15,35.55831150184103,47.775021831492296,6.108355164825633
yolo26,m,end2end,YOLO26-M (E2E),MOT17,IDSW,24.0,22.74077520980446,15,11.406578447934352,36.59342155206565,12.593421552065648
yolo26,m,end2end,YOLO26-M (E2E),MOT20,IDSW,12.8,18.012693936697612,15,2.8249025839994477,22.775097416000555,9.975097416000553
yolo26,m,end2end,YOLO26-M (E2E),SOMPT22,IDSW,40.666666666666664,14.479871085982316,15,32.64798133501082,48.68535199832251,8.018685331655846
yolo26,m,nms,YOLO26-M (NMS),MOT17,IDSW,25.666666666666668,23.684433304438187,15,12.55066468024459,38.78266865308875,13.116001986422077
yolo26,m,nms,YOLO26-M (NMS),MOT20,IDSW,16.333333333333332,23.18147864958041,15,3.495858351015622,29.170808315651044,12.83747498231771
yolo26,m,nms,YOLO26-M (NMS),SOMPT22,IDSW,40.93333333333333,15.331883989473269,15,32.442818982549106,49.423847684117554,8.490514350784224
yolo26,n,end2end,YOLO26-N (E2E),MOT17,IDSW,27.6,16.982343772283023,15,18.195491486400577,37.004508513599426,9.404508513599426
yolo26,n,end2end,YOLO26-N (E2E),MOT20,IDSW,26.266666666666666,29.087225145528524,15,10.15869828573149,42.37463504760184,16.107968380935176
yolo26,n,end2end,YOLO26-N (E2E),SOMPT22,IDSW,52.733333333333334,22.873773711600883,15,40.066259665917045,65.40040700074962,12.667073667416286
yolo26,n,nms,YOLO26-N (NMS),MOT17,IDSW,21.333333333333332,15.220600075774499,15,12.904445959828585,29.76222070683808,8.428887373504747
yolo26,n,nms,YOLO26-N (NMS),MOT20,IDSW,17.0,22.693611435820433,15,4.432696875397246,29.567303124602752,12.567303124602754
yolo26,n,nms,YOLO26-N (NMS),SOMPT22,IDSW,44.666666666666664,21.252450839060106,15,32.89745167898039,56.43588165435294,11.769214987686276
yolo26,s,end2end,YOLO26-S (E2E),MOT17,IDSW,29.866666666666667,18.504310952032874,15,19.619320822054235,40.1140125112791,10.247345844612434
yolo26,s,end2end,YOLO26-S (E2E),MOT20,IDSW,17.733333333333334,25.965544935732122,15,3.3540938312517508,32.112572835414916,14.379239502081584
yolo26,s,end2end,YOLO26-S (E2E),SOMPT22,IDSW,47.6,11.92715988226631,15,40.994959013907916,54.20504098609209,6.605040986092085
yolo26,s,nms,YOLO26-S (NMS),MOT17,IDSW,27.2,16.797959059702123,15,17.89760033677462,36.502399663225376,9.30239966322538
yolo26,s,nms,YOLO26-S (NMS),MOT20,IDSW,18.0,26.349301969610398,15,3.408242936110943,32.591757063889055,14.591757063889057
yolo26,s,nms,YOLO26-S (NMS),SOMPT22,IDSW,45.53333333333333,13.394384039944645,15,38.11577069138092,52.95089597528574,7.41756264195241
yolo26,x,end2end,YOLO26-X (E2E),MOT17,IDSW,28.8,22.425113473195943,15,16.381386091046465,41.218613908953536,12.418613908953537
yolo26,x,end2end,YOLO26-X (E2E),MOT20,IDSW,13.266666666666667,19.421882602094062,15,2.5111865791871306,24.022146754146206,10.755480087479537
yolo26,x,end2end,YOLO26-X (E2E),SOMPT22,IDSW,41.333333333333336,12.14005569925247,15,34.610394573517944,48.05627209314873,6.722938759815393
yolo26,x,nms,YOLO26-X (NMS),MOT17,IDSW,25.333333333333332,21.618995175098966,15,13.361132858183586,37.30553380848308,11.972200475149746
yolo26,x,nms,YOLO26-X (NMS),MOT20,IDSW,12.0,16.83957922786162,15,2.674551855891064,21.325448144108936,9.325448144108936
yolo26,x,nms,YOLO26-X (NMS),SOMPT22,IDSW,34.666666666666664,6.564696344480686,15,31.031259005114897,38.30207432821843,3.6354076615517674
rtdetr,l,nms,RT-DETR-L,MOT17,Frag,90.4,29.517065281920267,15,74.05399408570736,106.74600591429265,16.346005914292647
rtdetr,l,nms,RT-DETR-L,MOT20,Frag,76.6,96.06233095533038,15,23.402454277242605,129.79754572275738,53.19754572275739
rtdetr,l,nms,RT-DETR-L,SOMPT22,Frag,114.26666666666667,12.31994124908688,15,107.44411060975872,121.08922272357461,6.822556056907937
rtdetr,x,nms,RT-DETR-X,MOT17,Frag,90.8,26.796055146766875,15,75.96083927296623,105.63916072703377,14.839160727033773
rtdetr,x,nms,RT-DETR-X,MOT20,Frag,98.33333333333333,115.74088465599517,15,34.238167806454754,162.4284988602119,64.09516552687857
rtdetr,x,nms,RT-DETR-X,SOMPT22,Frag,104.33333333333333,14.548768561863463,15,96.2764938512741,112.39017281539256,8.056839482059235
yolo11,l,nms,YOLO11-L,MOT17,Frag,66.8,28.224103174414598,15,51.1700126347868,82.4299873652132,15.629987365213198
yolo11,l,nms,YOLO11-L,MOT20,Frag,40.733333333333334,55.15234312684234,15,10.190983735636035,71.27568293103063,30.5423495976973
yolo11,l,nms,YOLO11-L,SOMPT22,Frag,104.66666666666667,11.872336794093275,15,98.09198569485639,111.24134763847695,6.574680971810276
yolo11,m,nms,YOLO11-M,MOT17,Frag,65.0,22.881683254765775,15,52.32854617357678,77.67145382642322,12.671453826423216
yolo11,m,nms,YOLO11-M,MOT20,Frag,67.46666666666667,81.21300623023618,15,22.49240288136926,112.44093045196408,44.97426378529741
yolo11,m,nms,YOLO11-M,SOMPT22,Frag,117.2,7.948045581866562,15,112.7985190652461,121.60148093475391,4.401480934753902
yolo11,n,nms,YOLO11-N,MOT17,Frag,66.06666666666666,21.28200670810461,15,54.28108418425863,77.8522491490747,11.785582482408032
yolo11,n,nms,YOLO11-N,MOT20,Frag,135.13333333333333,116.66855780780178,15,70.52443953837896,199.7422271282877,64.60889379495437
yolo11,n,nms,YOLO11-N,SOMPT22,Frag,115.26666666666667,12.713697150636209,15,108.22605585959847,122.30727747373486,7.040610807068188
yolo11,s,nms,YOLO11-S,MOT17,Frag,70.13333333333334,23.54286870087557,15,57.095727211303185,83.1709394553635,13.037606122030152
yolo11,s,nms,YOLO11-S,MOT20,Frag,150.2,124.69803526920542,15,81.14452979850914,219.25547020149082,69.05547020149085
yolo11,s,nms,YOLO11-S,SOMPT22,Frag,137.33333333333334,10.011897684160342,15,131.7889291998093,142.87773746685738,5.544404133524045
yolo11,x,nms,YOLO11-X,MOT17,Frag,75.0,25.787593916455254,15,60.7193064876966,89.2806935123034,14.2806935123034
yolo11,x,nms,YOLO11-X,MOT20,Frag,38.86666666666667,51.04181292496051,15,10.600652820816439,67.1326805125169,28.266013845850228
yolo11,x,nms,YOLO11-X,SOMPT22,Frag,105.26666666666667,21.809128713410242,15,93.18917374756772,117.34415958576561,12.07749291909895
yolo26,l,end2end,YOLO26-L (E2E),MOT17,Frag,115.13333333333334,31.116983572747966,15,97.90132220156829,132.3653444650984,17.23201113176504
yolo26,l,end2end,YOLO26-L (E2E),MOT20,Frag,141.73333333333332,162.42645222054313,15,51.784562231728586,231.68210443493805,89.94877110160473
yolo26,l,end2end,YOLO26-L (E2E),SOMPT22,Frag,239.26666666666668,63.25963130133587,15,204.23465052578774,274.2986828075456,35.03201614087895
yolo26,l,nms,YOLO26-L (NMS),MOT17,Frag,71.66666666666667,23.073381901683863,15,58.889053668037256,84.44427966529608,12.777612998629413
yolo26,l,nms,YOLO26-L (NMS),MOT20,Frag,45.733333333333334,63.28898196444021,15,10.68506333699451,80.78160332967215,35.048269996338824
yolo26,l,nms,YOLO26-L (NMS),SOMPT22,Frag,112.33333333333333,15.173598625181015,15,103.93047449559403,120.73619217107263,8.402858837739302
yolo26,m,end2end,YOLO26-M (E2E),MOT17,Frag,94.0,21.115329570175856,15,82.30672023997778,105.69327976002222,11.693279760022225
yolo26,m,end2end,YOLO26-M (E2E),MOT20,Frag,54.8,70.23145408474142,15,15.907117090609653,93.69288290939033,38.892882909390345
yolo26,m,end2end,YOLO26-M (E2E),SOMPT22,Frag,150.26666666666668,28.793517789020964,15,134.3213479983872,166.21198533494615,15.945318668279477
yolo26,m,nms,YOLO26-M (NMS),MOT17,Frag,73.33333333333333,27.049337638224465,15,58.35390943772878,88.31275722893787,14.979423895604548
yolo26,m,nms,YOLO26-M (NMS),MOT20,Frag,42.13333333333333,55.92452396715041,15,11.163364239523379,73.10330242714329,30.969969093809954
yolo26,m,nms,YOLO26-M (NMS),SOMPT22,Frag,104.26666666666667,10.552363761375029,15,98.42296239573915,110.11037093759418,5.84370427092751
yolo26,n,end2end,YOLO26-N (E2E),MOT17,Frag,90.93333333333334,18.23445195489127,15,80.83543042016314,101.03123624650354,10.097902913170206
yolo26,n,end2end,YOLO26-N (E2E),MOT20,Frag,136.8,148.1433668540618,15,54.760937930947904,218.83906206905212,82.03906206905211
yolo26,n,end2end,YOLO26-N (E2E),SOMPT22,Frag,168.53333333333333,9.187465581406213,15,163.44548448058802,173.62118218607864,5.087848852745298
yolo26,n,nms,YOLO26-N (NMS),MOT17,Frag,57.93333333333333,20.17943318850963,15,46.758335714295214,69.10833095237145,11.17499761903812
yolo26,n,nms,YOLO26-N (NMS),MOT20,Frag,60.93333333333333,74.23752099719874,15,19.821964513550363,102.0447021531163,41.11136881978297
yolo26,n,nms,YOLO26-N (NMS),SOMPT22,Frag,93.93333333333334,18.660373088701196,15,83.59956315809681,104.26710350856986,10.333770175236523
yolo26,s,end2end,YOLO26-S (E2E),MOT17,Frag,87.33333333333333,27.732566381336547,15,71.97554997112674,102.69111669553992,15.357783362206584
yolo26,s,end2end,YOLO26-S (E2E),MOT20,Frag,70.8,91.762270491277,15,19.983748389848238,121.61625161015175,50.81625161015176
yolo26,s,end2end,YOLO26-S (E2E),SOMPT22,Frag,193.66666666666666,54.41594654230723,15,163.5321199047563,223.801213428577,30.134546761910343
yolo26,s,nms,YOLO26-S (NMS),MOT17,Frag,76.13333333333334,25.553491980176652,15,61.98228115218563,90.28438551448106,14.151052181147714
yolo26,s,nms,YOLO26-S (NMS),MOT20,Frag,49.4,68.40091895790373,15,11.52083365503848,87.27916634496151,37.87916634496152
yolo26,s,nms,YOLO26-S (NMS),SOMPT22,Frag,122.4,23.775137073361805,15,109.23376794059766,135.56623205940235,13.166232059402343
yolo26,x,end2end,YOLO26-X (E2E),MOT17,Frag,136.53333333333333,48.5546329504444,15,109.6446738479199,163.42199281874676,26.88865948541343
yolo26,x,end2end,YOLO26-X (E2E),MOT20,Frag,127.33333333333333,149.89980780825698,15,44.321586684999346,210.3450799816673,83.01174664833398
yolo26,x,end2end,YOLO26-X (E2E),SOMPT22,Frag,187.2,33.17529201077211,15,168.82813564840995,205.57186435159002,18.371864351590027
yolo26,x,nms,YOLO26-X (NMS),MOT17,Frag,73.53333333333333,28.417466124768776,15,57.796265135391465,89.2704015312752,15.737068197941866
yolo26,x,nms,YOLO26-X (NMS),MOT20,Frag,38.266666666666666,53.09622890384519,15,8.862955173014178,67.67037816031916,29.403711493652487
yolo26,x,nms,YOLO26-X (NMS),SOMPT22,Frag,93.26666666666667,15.401607831961044,15,84.73754053890573,101.7957927944276,8.52912612776093
