family,scale,mode,label,dataset,metric,n_sequences,mean,std_between_seq,t_ci_low,t_ci_high,boot_ci_low,boot_ci_high
rtdetr,l,nms,RT-DETR-L,MOT17,HOTA,3,39.02786666666666,6.769369117822822,22.211821556324924,55.8439117770084,33.4496,46.559
rtdetr,l,nms,RT-DETR-L,MOT20,HOTA,3,11.685286666666665,11.401030852976994,-16.63644402804252,40.00701736137585,2.85226,24.5556
rtdetr,l,nms,RT-DETR-L,SOMPT22,HOTA,3,31.63286666666666,5.791731120600585,17.24540897366475,46.02032435966858,27.880399999999998,38.3032
rtdetr,x,nms,RT-DETR-X,MOT17,HOTA,3,38.62513333333333,8.881332049491975,16.562681458613465,60.68758520805319,29.1726,46.796
rtdetr,x,nms,RT-DETR-X,MOT20,HOTA,3,13.162613333333333,11.916975002228265,-16.44079367968787,42.76602034635454,3.53476,26.490799999999997
rtdetr,x,nms,RT-DETR-X,SOMPT22,HOTA,3,32.087066666666665,5.035812563363865,19.57741476870839,44.596718564624936,28.871199999999998,37.8906
yolo11,l,nms,YOLO11-L,MOT17,HOTA,3,37.845733333333335,8.830735874961572,15.908969323834746,59.782497342831924,31.641000000000002,47.95579999999999
yolo11,l,nms,YOLO11-L,MOT20,HOTA,3,8.5694,9.970403722136833,-16.19845588753597,33.33725588753597,1.20792,19.916
yolo11,l,nms,YOLO11-L,SOMPT22,HOTA,3,29.848200000000002,5.3006632603854404,16.68062249758707,43.01577750241293,26.234199999999998,35.9332
yolo11,m,nms,YOLO11-M,MOT17,HOTA,3,36.89253333333333,7.947931497775587,17.148776969300712,56.63628969736595,30.509599999999995,45.79479999999999
yolo11,m,nms,YOLO11-M,MOT20,HOTA,3,9.650853333333332,11.044938488852408,-17.786294890787637,37.0880015574543,2.3928599999999998,22.3618
yolo11,m,nms,YOLO11-M,SOMPT22,HOTA,3,30.3342,4.707764467345409,18.639464748629067,42.02893525137093,27.400600000000008,35.7644
yolo11,n,nms,YOLO11-N,MOT17,HOTA,3,34.4626,9.023161938034807,12.047823150497543,56.87737684950246,28.367,44.8282
yolo11,n,nms,YOLO11-N,MOT20,HOTA,3,10.754480000000001,10.041518723997878,-14.190035345530184,35.698995345530186,1.44646,21.396200000000004
yolo11,n,nms,YOLO11-N,SOMPT22,HOTA,3,27.526866666666667,5.263815290579005,14.450824595651337,40.602908737682,23.8006,33.5486
yolo11,s,nms,YOLO11-S,MOT17,HOTA,3,36.62506666666667,7.378756438135989,18.295219532872515,54.95491380046082,30.463600000000003,44.8022
yolo11,s,nms,YOLO11-S,MOT20,HOTA,3,10.880086666666665,10.96113212357799,-16.3488750049914,38.109048338324726,3.5715600000000003,23.4834
yolo11,s,nms,YOLO11-S,SOMPT22,HOTA,3,30.3372,5.772436023032215,15.997673986519576,44.67672601348042,26.406200000000002,36.9644
yolo11,x,nms,YOLO11-X,MOT17,HOTA,3,36.635466666666666,9.27926361158758,13.584497991849389,59.68643534148394,30.429600000000004,47.30280000000001
yolo11,x,nms,YOLO11-X,MOT20,HOTA,3,9.02962,10.436423073697233,-16.895892133152586,34.95513213315259,1.7503999999999997,20.9866
yolo11,x,nms,YOLO11-X,SOMPT22,HOTA,3,29.924466666666664,5.338224818545334,16.66358108111664,43.18535225221669,24.830599999999993,35.4774
yolo26,l,end2end,YOLO26-L (E2E),MOT17,HOTA,3,37.5966,8.95857848321931,15.342257346159844,59.850942653840164,32.2738,47.939600000000006
yolo26,l,end2end,YOLO26-L (E2E),MOT20,HOTA,3,8.543273333333333,9.896211967825536,-16.040280019417025,33.126826686083696,1.8707,19.913400000000003
yolo26,l,end2end,YOLO26-L (E2E),SOMPT22,HOTA,3,29.601266666666664,6.1175596321845,14.404406080475669,44.79812725285766,24.215799999999998,36.2528
yolo26,l,nms,YOLO26-L (NMS),MOT17,HOTA,3,38.18506666666667,8.301617397431256,17.56270582118506,58.80742751214828,32.82000000000001,47.7472
yolo26,l,nms,YOLO26-L (NMS),MOT20,HOTA,3,9.334593333333332,10.177844155229206,-15.948573156989221,34.61775982365589,2.2726800000000003,21.000999999999998
yolo26,l,nms,YOLO26-L (NMS),SOMPT22,HOTA,3,31.7856,6.957539774949187,14.502113064045819,49.069086935954175,25.7534,39.397
yolo26,m,end2end,YOLO26-M (E2E),MOT17,HOTA,3,38.13006666666667,8.760239086539434,16.368426387844803,59.89170694548854,32.709,48.23659999999999
yolo26,m,end2end,YOLO26-M (E2E),MOT20,HOTA,3,7.54262,10.43067111135233,-18.36860346657505,33.45384346657505,0.0,19.446
yolo26,m,end2end,YOLO26-M (E2E),SOMPT22,HOTA,3,28.706266666666664,4.627799582234882,17.210175202014568,40.20235813131876,25.642599999999998,34.0298
yolo26,m,nms,YOLO26-M (NMS),MOT17,HOTA,3,38.07726666666667,8.245881668647284,17.59336104694921,58.56117228638412,32.416599999999995,47.53799999999999
yolo26,m,nms,YOLO26-M (NMS),MOT20,HOTA,3,8.025653666666665,10.626271753180431,-18.37146873071614,34.42277606404947,0.021561,20.081799999999998
yolo26,m,nms,YOLO26-M (NMS),SOMPT22,HOTA,3,29.771866666666664,6.014471861546394,14.831090299138058,44.71264303419527,25.587,36.6642
yolo26,n,end2end,YOLO26-N (E2E),MOT17,HOTA,3,32.6258,8.5903936370809,11.286079207347257,53.96552079265274,27.595999999999993,42.5448
yolo26,n,end2end,YOLO26-N (E2E),MOT20,HOTA,3,7.954113333333333,8.806866212548783,-13.923355147598901,29.831581814265565,1.4719799999999996,17.981
yolo26,n,end2end,YOLO26-N (E2E),SOMPT22,HOTA,3,25.718666666666667,5.101627572974468,13.045521221335484,38.39181211199785,22.643999999999995,31.6076
yolo26,n,nms,YOLO26-N (NMS),MOT17,HOTA,3,33.434400000000004,9.58011770491365,9.636068326216986,57.23273167378302,27.119400000000002,44.45759999999999
yolo26,n,nms,YOLO26-N (NMS),MOT20,HOTA,3,7.587353333333333,8.512012371568389,-13.557657601765069,28.732364268431734,1.17114,17.243599999999997
yolo26,n,nms,YOLO26-N (NMS),SOMPT22,HOTA,3,25.728733333333334,6.322220398984313,10.023467218219185,41.43399944844748,21.6486,33.0114
yolo26,s,end2end,YOLO26-S (E2E),MOT17,HOTA,3,36.58253333333334,8.495459032526336,15.478643172004691,57.68642349466198,29.4832,45.995
yolo26,s,end2end,YOLO26-S (E2E),MOT20,HOTA,3,8.18226,10.658791791174082,-18.295646650150385,34.66016665015039,0.7064600000000002,20.3874
yolo26,s,end2end,YOLO26-S (E2E),SOMPT22,HOTA,3,29.877933333333335,6.722263530488325,13.178904988923371,46.5769616777433,24.264799999999997,37.327600000000004
yolo26,s,nms,YOLO26-S (NMS),MOT17,HOTA,3,37.01193333333333,8.657743910126548,15.504905187511213,58.51896147915545,29.776,46.6038
yolo26,s,nms,YOLO26-S (NMS),MOT20,HOTA,3,8.118,10.78161314444179,-18.66501180561091,34.901011805610906,0.55618,20.4638
yolo26,s,nms,YOLO26-S (NMS),SOMPT22,HOTA,3,31.164599999999997,7.997825496971034,11.296900070975923,51.03229992902407,24.575,40.062799999999996
yolo26,x,end2end,YOLO26-X (E2E),MOT17,HOTA,3,37.156,9.62179236732949,13.254142725685327,61.05785727431467,30.994999999999994,48.2434
yolo26,x,end2end,YOLO26-X (E2E),MOT20,HOTA,3,8.447093333333333,9.857602519909864,-16.040548833819848,32.93473550048651,1.6006399999999996,19.7454
yolo26,x,end2end,YOLO26-X (E2E),SOMPT22,HOTA,3,28.305666666666667,5.073366079175967,15.702726663870736,40.9086066694626,23.577,33.6648
yolo26,x,nms,YOLO26-X (NMS),MOT17,HOTA,3,37.900800000000004,7.913844661098672,18.24172003243078,57.55987996756923,33.2656,47.038599999999995
yolo26,x,nms,YOLO26-X (NMS),MOT20,HOTA,3,9.631013333333334,10.250079656282352,-15.831596089282518,35.093622755949184,2.28562,21.340999999999998
yolo26,x,nms,YOLO26-X (NMS),SOMPT22,HOTA,3,29.369133333333334,5.147312620516976,16.582499938538696,42.15576672812797,24.7072,34.893
rtdetr,l,nms,RT-DETR-L,MOT17,IDF1,3,46.86273333333333,13.598626328174964,13.081872843512983,80.64359382315368,37.2812,62.427
rtdetr,l,nms,RT-DETR-L,MOT20,IDF1,3,12.173200000000001,16.278043515422855,-28.263701770174826,52.61010177017483,1.0459,30.856000000000005
rtdetr,l,nms,RT-DETR-L,SOMPT22,IDF1,3,36.40173333333333,8.665608729531547,14.87516789303115,57.92829877363552,29.9926,46.261
rtdetr,x,nms,RT-DETR-X,MOT17,IDF1,3,46.47653333333333,15.228034100741082,8.647999547862383,84.30506711880427,32.349199999999996,62.60699999999999
rtdetr,x,nms,RT-DETR-X,MOT20,IDF1,3,14.070093333333332,17.01378514905291,-28.194491975046716,56.33467864171338,1.4944,33.4292
rtdetr,x,nms,RT-DETR-X,SOMPT22,IDF1,3,36.427533333333336,7.609609843699828,17.524214548892058,55.33085211777461,30.981000000000005,45.1222
yolo11,l,nms,YOLO11-L,MOT17,IDF1,3,43.86953333333333,18.330552694704362,-1.666083892808409,89.40515055947506,30.9846,64.8548
yolo11,l,nms,YOLO11-L,MOT20,IDF1,3,8.682723333333334,12.340387518495247,-21.972498678973786,39.33794534564045,0.22127,22.842599999999994
yolo11,l,nms,YOLO11-L,SOMPT22,IDF1,3,33.58506666666667,8.125196254450309,13.400960235614129,53.76917309771921,27.9526,42.89939999999999
yolo11,m,nms,YOLO11-M,MOT17,IDF1,3,42.8784,16.214085551766402,2.6003786193109235,83.15642138068907,32.037,61.5182
yolo11,m,nms,YOLO11-M,MOT20,IDF1,3,10.135760666666666,14.702712898230764,-26.387802908866373,46.6593242421997,0.837862,27.086399999999998
yolo11,m,nms,YOLO11-M,SOMPT22,IDF1,3,34.269666666666666,7.815391205392941,14.85515864126819,53.68417469206514,28.014400000000006,43.0306
yolo11,n,nms,YOLO11-N,MOT17,IDF1,3,39.29659999999999,18.459658558055725,-6.55973397010095,85.15293397010093,26.391000000000002,60.440999999999995
yolo11,n,nms,YOLO11-N,MOT20,IDF1,3,12.359917999999999,13.14546247960002,-20.295221083973416,45.01505708397342,0.38535400000000003,26.425599999999992
yolo11,n,nms,YOLO11-N,SOMPT22,IDF1,3,31.36153333333333,8.076249452148769,11.299017499747631,51.42404916691903,24.7954,40.379599999999996
yolo11,s,nms,YOLO11-S,MOT17,IDF1,3,42.34773333333334,15.33835671033026,4.245142992923206,80.45032367374347,30.332600000000003,59.6244
yolo11,s,nms,YOLO11-S,MOT20,IDF1,3,12.110333333333331,15.075235978973373,-25.33862887556983,49.55929554223649,2.25642,29.4646
yolo11,s,nms,YOLO11-S,SOMPT22,IDF1,3,34.85493333333333,9.3534602802029,11.619649915922498,58.09021675074416,28.933000000000003,45.638
yolo11,x,nms,YOLO11-X,MOT17,IDF1,3,42.21366666666667,18.9245312843762,-4.797475174051158,89.2248085073845,30.892000000000007,64.061
yolo11,x,nms,YOLO11-X,MOT20,IDF1,3,8.982036666666668,12.994004032669581,-23.29685877752371,41.26093211085704,0.53581,23.9448
yolo11,x,nms,YOLO11-X,SOMPT22,IDF1,3,34.36506666666667,8.266862646332848,13.829041409051111,54.90109192428223,28.019799999999993,43.7138
yolo26,l,end2end,YOLO26-L (E2E),MOT17,IDF1,3,43.929,18.728138080439287,-2.5942740764866628,90.45227407648667,32.4886,65.542
yolo26,l,end2end,YOLO26-L (E2E),MOT20,IDF1,3,9.004146,13.02145993166158,-23.342953678286406,41.3512456782864,0.630078,24.006199999999996
yolo26,l,end2end,YOLO26-L (E2E),SOMPT22,IDF1,3,33.234,8.913264479414934,11.092223571880687,55.375776428119316,26.9044,43.4272
yolo26,l,nms,YOLO26-L (NMS),MOT17,IDF1,3,44.55153333333333,17.888248404282997,0.11466087509627698,88.98840579157039,34.1672,65.207
yolo26,l,nms,YOLO26-L (NMS),MOT20,IDF1,3,9.821115333333333,13.726433814682725,-24.27723655356497,43.91946722023163,0.835506,25.621400000000005
yolo26,l,nms,YOLO26-L (NMS),SOMPT22,IDF1,3,36.05073333333333,10.024338943458233,11.148894928521276,60.952571738145394,28.656200000000002,47.46020000000001
yolo26,m,end2end,YOLO26-M (E2E),MOT17,IDF1,3,44.90219999999999,17.788686187574395,0.7126537989542356,89.09174620104575,33.187599999999996,65.3716
yolo26,m,end2end,YOLO26-M (E2E),MOT20,IDF1,3,8.096940000000002,12.661783010571616,-23.356672674560578,39.550552674560585,0.0,22.688200000000005
yolo26,m,end2end,YOLO26-M (E2E),SOMPT22,IDF1,3,32.330000000000005,7.3415314996259475,14.092624739776234,50.56737526022378,27.092000000000002,40.7214
yolo26,m,nms,YOLO26-M (NMS),MOT17,IDF1,3,44.50253333333333,16.8667364600664,2.6032372187281254,86.40182944793854,34.4818,63.97579999999999
yolo26,m,nms,YOLO26-M (NMS),MOT20,IDF1,3,8.584066666666667,13.14544684114364,-24.071033569227502,41.23916690256083,0.0,23.717599999999994
yolo26,m,nms,YOLO26-M (NMS),SOMPT22,IDF1,3,33.589133333333336,8.945634073297057,11.366946376337399,55.81132029032928,27.8536,43.896800000000006
yolo26,n,end2end,YOLO26-N (E2E),MOT17,IDF1,3,36.571400000000004,17.77172126835215,-7.57600300542898,80.71880300542898,25.8836,57.086400000000005
yolo26,n,end2end,YOLO26-N (E2E),MOT20,IDF1,3,8.387370666666667,11.368200450432838,-19.85280478699063,36.62754612032397,0.49933200000000005,21.418200000000002
yolo26,n,end2end,YOLO26-N (E2E),SOMPT22,IDF1,3,28.991799999999998,7.940317381566055,9.266958149185125,48.71664185081487,23.790000000000003,38.1314
yolo26,n,nms,YOLO26-N (NMS),MOT17,IDF1,3,37.107533333333336,20.09806772237902,-12.818834629140454,87.03390129580713,24.155999999999995,60.260400000000004
yolo26,n,nms,YOLO26-N (NMS),MOT20,IDF1,3,7.618903333333333,10.569800526340757,-18.63793675982823,33.87574342649489,0.25633,19.7302
yolo26,n,nms,YOLO26-N (NMS),SOMPT22,IDF1,3,29.375133333333338,9.257584631713252,6.37801822997416,52.372248436692516,23.414,40.040200000000006
yolo26,s,end2end,YOLO26-S (E2E),MOT17,IDF1,3,42.697333333333326,17.13909870014562,0.12145190689052754,85.27321475977612,30.087400000000002,62.211800000000004
yolo26,s,end2end,YOLO26-S (E2E),MOT20,IDF1,3,8.563317066666668,13.218988069967605,-24.274469709117568,41.40110384245091,0.0754112,23.794
yolo26,s,end2end,YOLO26-S (E2E),SOMPT22,IDF1,3,34.019733333333335,10.370845831142866,8.257124101442646,59.78234256522403,27.365199999999998,45.9692
yolo26,s,nms,YOLO26-S (NMS),MOT17,IDF1,3,43.140066666666655,17.839233554537405,-1.1750461548816062,87.45517948821492,29.458999999999993,63.316999999999986
yolo26,s,nms,YOLO26-S (NMS),MOT20,IDF1,3,8.629918666666667,13.448746284200817,-24.778619153678704,42.03845648701204,0.036816,24.128599999999995
yolo26,s,nms,YOLO26-S (NMS),SOMPT22,IDF1,3,35.40186666666666,12.382345847751681,4.642414386331598,66.16131894700173,27.113199999999996,49.63559999999999
yolo26,x,end2end,YOLO26-X (E2E),MOT17,IDF1,3,43.522333333333336,18.556831756884936,-2.575392244550663,89.62005891121734,30.519799999999993,64.7734
yolo26,x,end2end,YOLO26-X (E2E),MOT20,IDF1,3,8.356944,12.207493666683918,-21.968151383362837,38.682039383362834,0.397492,22.4118
yolo26,x,end2end,YOLO26-X (E2E),SOMPT22,IDF1,3,31.5928,7.0101421583303125,14.178641499760815,49.006958500239186,26.069200000000006,39.479
yolo26,x,nms,YOLO26-X (NMS),MOT17,IDF1,3,44.13986666666667,15.951354919671664,4.514504357196131,83.76522897613721,33.2602,62.451
yolo26,x,nms,YOLO26-X (NMS),MOT20,IDF1,3,9.479339333333334,13.061029163386833,-22.966055765706756,41.92473443237343,0.717318,24.491
yolo26,x,nms,YOLO26-X (NMS),SOMPT22,IDF1,3,33.163933333333325,8.064278939454745,13.131153901759838,53.19671276490681,27.020999999999997,42.296
rtdetr,l,nms,RT-DETR-L,MOT17,MOTA,3,34.74693333333334,17.02892415901056,-7.55525936060107,77.04912602726775,23.5518,54.344000000000015
rtdetr,l,nms,RT-DETR-L,MOT20,MOTA,3,7.207676666666667,10.805200675629923,-19.63392981469577,34.049283148029104,0.24693,19.6554
rtdetr,l,nms,RT-DETR-L,SOMPT22,MOTA,3,27.551266666666667,9.666889370078323,3.5373822271367104,51.56515110619662,20.953200000000002,38.6476
rtdetr,x,nms,RT-DETR-X,MOT17,MOTA,3,35.54886666666667,16.78027530683968,-6.135648036606618,77.23338136993996,22.9212,54.59000000000001
rtdetr,x,nms,RT-DETR-X,MOT20,MOTA,3,8.64005,11.826571702446149,-20.73878276676578,38.018882766765785,0.48751000000000005,22.2042
rtdetr,x,nms,RT-DETR-X,SOMPT22,MOTA,3,27.973200000000002,8.852715251266137,5.981836192942492,49.964563807057516,21.128,37.970600000000005
yolo11,l,nms,YOLO11-L,MOT17,MOTA,3,30.916533333333334,18.508041254906832,-15.059989918611635,76.8930565852783,19.166800000000002,52.251200000000004
yolo11,l,nms,YOLO11-L,MOT20,MOTA,3,5.121129999999999,7.827952150716047,-14.324581143370837,24.566841143370837,0.09283000000000001,14.140199999999998
yolo11,l,nms,YOLO11-L,SOMPT22,MOTA,3,25.44786666666667,9.61643094985522,1.5593278916882731,49.33640544164507,19.6284,36.5476
yolo11,m,nms,YOLO11-M,MOT17,MOTA,3,31.384933333333333,18.259781384598593,-13.974878212464692,76.74474487913136,20.266,52.4588
yolo11,m,nms,YOLO11-M,MOT20,MOTA,3,6.363214,9.835297990092014,-18.0690206434898,30.7954486434898,0.356902,17.7136
yolo11,m,nms,YOLO11-M,SOMPT22,MOTA,3,27.372600000000002,11.93301002597417,-2.270640220217217,57.01584022021722,18.7828,40.998000000000005
yolo11,n,nms,YOLO11-N,MOT17,MOTA,3,28.5836,17.355504889227507,-14.529864201797285,71.69706420179729,17.195,48.55859999999999
yolo11,n,nms,YOLO11-N,MOT20,MOTA,3,7.474093333333333,8.772016283645018,-14.316803124957236,29.2649897916239,0.12764,17.1864
yolo11,n,nms,YOLO11-N,SOMPT22,MOTA,3,24.302400000000002,11.474982060116696,-4.203035677194379,52.80783567719438,15.475999999999999,37.274
yolo11,s,nms,YOLO11-S,MOT17,MOTA,3,31.1062,16.717558998849086,-10.42251875745211,72.63491875745211,19.0158,50.1838
yolo11,s,nms,YOLO11-S,MOT20,MOTA,3,7.7568866666666665,10.746597004528146,-18.939140225264836,34.45291355859817,1.12624,20.156
yolo11,s,nms,YOLO11-S,SOMPT22,MOTA,3,28.142133333333334,13.32750011117364,-4.965212296189826,61.24947896285649,18.391399999999997,43.32840000000001
yolo11,x,nms,YOLO11-X,MOT17,MOTA,3,31.007533333333328,19.844786263735195,-18.289648606036202,80.30471527270285,18.3936,53.881999999999984
yolo11,x,nms,YOLO11-X,MOT20,MOTA,3,5.27216,8.36948162705433,-15.518784937567176,26.063104937567175,0.12052,14.9292
yolo11,x,nms,YOLO11-X,SOMPT22,MOTA,3,26.74813333333333,11.058975768728917,-0.723885427099269,54.22015209376593,18.7212,39.3626
yolo26,l,end2end,YOLO26-L (E2E),MOT17,MOTA,3,30.9144,19.620891001175252,-17.82659527416213,79.65539527416213,18.1028,53.5028
yolo26,l,end2end,YOLO26-L (E2E),MOT20,MOTA,3,5.203847999999999,7.95402571233762,-14.555047232249665,24.962743232249665,0.288452,14.380599999999996
yolo26,l,end2end,YOLO26-L (E2E),SOMPT22,MOTA,3,26.17526666666667,10.382545935045668,0.3835927654396336,51.9669405678937,18.675,38.0252
yolo26,l,nms,YOLO26-L (NMS),MOT17,MOTA,3,31.123666666666665,19.116471049158978,-16.36427998213255,78.61161331546589,19.199199999999998,53.173
yolo26,l,nms,YOLO26-L (NMS),MOT20,MOTA,3,5.814600666666666,8.687632550968148,-15.766674979023033,27.395876312356368,0.39372200000000007,15.834999999999999
yolo26,l,nms,YOLO26-L (NMS),SOMPT22,MOTA,3,27.46653333333333,11.66498877381943,-1.510905186855755,56.44397185352241,19.8396,40.8948
yolo26,m,end2end,YOLO26-M (E2E),MOT17,MOTA,3,31.53046666666667,18.86823923139977,-15.340837962380562,78.4017712957139,18.7098,53.196400000000004
yolo26,m,end2end,YOLO26-M (E2E),MOT20,MOTA,3,4.994334666666667,8.037159808390358,-14.971077108719879,24.959746442053213,0.0,14.265600000000001
yolo26,m,end2end,YOLO26-M (E2E),SOMPT22,MOTA,3,24.737800000000004,11.00396409118096,-2.597562177649067,52.073162177649074,17.406399999999998,37.391
yolo26,m,nms,YOLO26-M (NMS),MOT17,MOTA,3,30.977533333333337,17.716645516951942,-13.033053921039407,74.98812058770608,19.6254,51.3922
yolo26,m,nms,YOLO26-M (NMS),MOT20,MOTA,3,5.291016,8.532697468663,-15.905379564862343,26.48741156486234,-0.020732,15.1334
yolo26,m,nms,YOLO26-M (NMS),SOMPT22,MOTA,3,25.873,11.899888172583807,-3.6879609751271545,55.43396097512716,17.9886,39.5612
yolo26,n,end2end,YOLO26-N (E2E),MOT17,MOTA,3,26.92086666666667,18.235448763694666,-18.378499297918182,72.22023263125152,15.969400000000002,47.9716
yolo26,n,end2end,YOLO26-N (E2E),MOT20,MOTA,3,5.047264666666667,7.423951955347323,-13.39485435583422,23.489383689167553,0.20153400000000002,13.5942
yolo26,n,end2end,YOLO26-N (E2E),SOMPT22,MOTA,3,22.69513333333333,11.437264913139565,-5.716607756675526,51.10687442334219,14.349799999999997,35.7322
yolo26,n,nms,YOLO26-N (NMS),MOT17,MOTA,3,26.544533333333334,18.07837436201976,-18.364638186500265,71.45370485316693,15.789999999999997,47.41639999999999
yolo26,n,nms,YOLO26-N (NMS),MOT20,MOTA,3,4.453321333333333,6.793119061662716,-12.421721908153033,21.3283645748197,0.069004,12.2784
yolo26,n,nms,YOLO26-N (NMS),SOMPT22,MOTA,3,22.480866666666667,11.89418697403624,-7.065931746146298,52.02766507947963,13.931999999999997,36.0644
yolo26,s,end2end,YOLO26-S (E2E),MOT17,MOTA,3,30.767799999999998,17.761994875576335,-13.355441306335283,74.89104130633528,19.525399999999998,51.2448
yolo26,s,end2end,YOLO26-S (E2E),MOT20,MOTA,3,5.314589333333333,8.551301560404786,-15.928021357417641,26.55720002408431,0.03772,15.1808
yolo26,s,end2end,YOLO26-S (E2E),SOMPT22,MOTA,3,27.294999999999998,13.196727307935099,-5.487487977326996,60.077487977326996,18.631999999999998,42.4832
yolo26,s,nms,YOLO26-S (NMS),MOT17,MOTA,3,30.407866666666667,17.545285037677026,-13.177037558835647,73.99277089216898,18.293,50.528
yolo26,s,nms,YOLO26-S (NMS),MOT20,MOTA,3,5.258572333333334,8.57043835517941,-16.03157679099931,26.548721457665977,0.018411,15.149000000000001
yolo26,s,nms,YOLO26-S (NMS),SOMPT22,MOTA,3,28.262400000000003,15.107249156613523,-9.26608735075202,65.79088735075203,19.066200000000002,45.698
yolo26,x,end2end,YOLO26-X (E2E),MOT17,MOTA,3,31.796400000000002,19.74768530030798,-17.259569774272702,80.8523697742727,17.5192,54.3328
yolo26,x,end2end,YOLO26-X (E2E),MOT20,MOTA,3,4.839685933333333,7.617062925247553,-14.082147332049402,23.761519198716066,0.08896180000000002,13.625399999999999
yolo26,x,end2end,YOLO26-X (E2E),SOMPT22,MOTA,3,23.490866666666665,8.588170432247683,2.156668620981062,44.82506471235227,17.5052,33.331
yolo26,x,nms,YOLO26-X (NMS),MOT17,MOTA,3,32.422066666666666,19.2366392723192,-15.364394397038879,80.20852773037221,18.7714,54.422799999999995
yolo26,x,nms,YOLO26-X (NMS),MOT20,MOTA,3,5.606733999999999,8.489346098096602,-15.481970790382285,26.695438790382283,0.231702,15.393600000000001
yolo26,x,nms,YOLO26-X (NMS),SOMPT22,MOTA,3,25.009466666666665,9.641466972060488,1.0587349647759403,48.960198368557386,18.866,36.12179999999999
rtdetr,l,nms,RT-DETR-L,MOT17,IDSW,3,36.733333333333334,35.916755607005115,-52.48883375374818,125.95550042041485,8.0,77.0
rtdetr,l,nms,RT-DETR-L,MOT20,IDSW,3,21.333333333333332,34.35597958628648,-64.01165118108543,106.67831784775208,1.0,61.0
rtdetr,l,nms,RT-DETR-L,SOMPT22,IDSW,3,35.93333333333333,11.264694107401823,7.950281889804739,63.91638477686192,23.2,44.6
rtdetr,x,nms,RT-DETR-X,MOT17,IDSW,3,35.46666666666667,30.04418967676335,-39.16723792836112,110.10057126169445,11.0,69.0
rtdetr,x,nms,RT-DETR-X,MOT20,IDSW,3,29.266666666666666,46.385486235818775,-85.9612689696066,144.49460230293994,1.0,82.8
rtdetr,x,nms,RT-DETR-X,SOMPT22,IDSW,3,36.0,13.527749258468683,2.3952079119353797,69.60479208806461,22.0,49.0
yolo11,l,nms,YOLO11-L,MOT17,IDSW,3,24.2,26.79776110050987,-42.3693289402526,90.7693289402526,4.0,54.6
yolo11,l,nms,YOLO11-L,MOT20,IDSW,3,9.666666666666666,15.885003409925142,-29.793869355210965,49.127202688544294,0.0,28.0
yolo11,l,nms,YOLO11-L,SOMPT22,IDSW,3,36.666666666666664,12.662279942148386,5.211819545636072,68.12151378769725,23.0,48.0
yolo11,m,nms,YOLO11-M,MOT17,IDSW,3,24.666666666666668,24.70492528491704,-36.70376989957002,86.03710323290335,2.0,51.0
yolo11,m,nms,YOLO11-M,MOT20,IDSW,3,22.8,33.6113076210968,-60.69511680280783,106.29511680280783,0.0,61.4
yolo11,m,nms,YOLO11-M,SOMPT22,IDSW,3,46.6,19.02524638473836,-0.6613320196701835,93.86133201967019,25.2,61.6
yolo11,n,nms,YOLO11-N,MOT17,IDSW,3,22.666666666666668,18.58314648635514,-23.496428323068773,68.82976165640211,10.0,44.0
yolo11,n,nms,YOLO11-N,MOT20,IDSW,3,34.53333333333333,44.9427784336186,-77.11071744445806,146.17738411112472,1.0,85.59999999999998
yolo11,n,nms,YOLO11-N,SOMPT22,IDSW,3,47.866666666666674,22.404761398714633,-7.789846046648421,103.52317937998177,22.0,61.20000000000001
yolo11,s,nms,YOLO11-S,MOT17,IDSW,3,22.333333333333332,18.77054430040145,-24.29528363337413,68.9619503000408,11.0,44.0
yolo11,s,nms,YOLO11-S,MOT20,IDSW,3,44.666666666666664,47.899199714956964,-74.32154170791858,163.65487504125193,3.0,97.0
yolo11,s,nms,YOLO11-S,SOMPT22,IDSW,3,54.0,28.583211855912904,-17.004634494222373,125.00463449422237,22.0,77.0
yolo11,x,nms,YOLO11-X,MOT17,IDSW,3,27.0,26.664583251946766,-39.238496824267216,93.23849682426722,6.0,57.0
yolo11,x,nms,YOLO11-X,MOT20,IDSW,3,11.333333333333334,18.77054430040145,-35.295283633374126,57.9619503000408,0.0,33.0
yolo11,x,nms,YOLO11-X,SOMPT22,IDSW,3,39.06666666666667,10.004665578285628,14.213699610196915,63.91963372313643,30.0,49.79999999999999
yolo26,l,end2end,YOLO26-L (E2E),MOT17,IDSW,3,23.53333333333333,24.87917469156349,-38.26996275520392,85.33662942187058,3.0,51.20000000000001
yolo26,l,end2end,YOLO26-L (E2E),MOT20,IDSW,3,18.333333333333332,25.73583752927682,-45.59803121662266,82.26469788328933,2.0,48.0
yolo26,l,end2end,YOLO26-L (E2E),SOMPT22,IDSW,3,51.6,10.40576763146285,25.75064020697222,77.44935979302778,41.0,61.79999999999999
yolo26,l,nms,YOLO26-L (NMS),MOT17,IDSW,3,20.666666666666668,23.71356854910988,-38.241103246353745,79.57443657968707,1.0,47.0
yolo26,l,nms,YOLO26-L (NMS),MOT20,IDSW,3,12.666666666666666,19.347695814575268,-35.395674141793776,60.729007475127105,1.0,35.0
yolo26,l,nms,YOLO26-L (NMS),SOMPT22,IDSW,3,41.666666666666664,13.051181300301261,9.24573501569759,74.08759831763574,27.0,52.0
yolo26,m,end2end,YOLO26-M (E2E),MOT17,IDSW,3,24.0,26.90724809414742,-42.84130971009381,90.84130971009381,2.0,54.0
yolo26,m,end2end,YOLO26-M (E2E),MOT20,IDSW,3,12.799999999999999,21.310091506138587,-40.13720195124925,65.73720195124925,0.0,37.4
yolo26,m,end2end,YOLO26-M (E2E),SOMPT22,IDSW,3,40.666666666666664,17.112958053280362,-1.844277793088601,83.17761112642194,24.8,58.79999999999999
yolo26,m,nms,YOLO26-M (NMS),MOT17,IDSW,3,25.666666666666668,28.0237994093116,-43.948310272530904,95.28164360586425,3.0,57.0
yolo26,m,nms,YOLO26-M (NMS),MOT20,IDSW,3,16.333333333333332,27.42869543622761,-51.80332338391385,84.4699900505805,0.0,48.0
yolo26,m,nms,YOLO26-M (NMS),SOMPT22,IDSW,3,40.93333333333333,18.138724688724214,-4.125756708983253,85.9924233756499,20.8,56.0
yolo26,n,end2end,YOLO26-N (E2E),MOT17,IDSW,3,27.599999999999998,20.091789367798974,-22.310771665093757,77.51077166509376,16.0,50.79999999999999
yolo26,n,end2end,YOLO26-N (E2E),MOT20,IDSW,3,26.266666666666666,34.41530667208028,-59.225694498900694,111.75902783223403,3.0,65.8
yolo26,n,end2end,YOLO26-N (E2E),SOMPT22,IDSW,3,52.73333333333333,27.063136058730027,-14.495223548388132,119.96189021505478,22.0,73.0
yolo26,n,nms,YOLO26-N (NMS),MOT17,IDSW,3,21.333333333333332,18.009256878986797,-23.404140840356828,66.07080750702349,9.0,42.0
yolo26,n,nms,YOLO26-N (NMS),MOT20,IDSW,3,17.0,26.851443164195103,-49.70268257909767,83.70268257909767,1.0,48.0
yolo26,n,nms,YOLO26-N (NMS),SOMPT22,IDSW,3,44.666666666666664,25.146238950056393,-17.800053817853446,107.13338715118678,16.0,63.0
yolo26,s,end2end,YOLO26-S (E2E),MOT17,IDSW,3,29.866666666666664,21.887287025424904,-24.504368441095043,84.23770177442837,15.0,55.0
yolo26,s,end2end,YOLO26-S (E2E),MOT20,IDSW,3,17.733333333333334,30.715034320888094,-58.567041740890474,94.03370840755714,0.0,53.20000000000001
yolo26,s,end2end,YOLO26-S (E2E),SOMPT22,IDSW,3,47.6,14.109571219565815,12.54988203684946,82.65011796315054,38.0,63.79999999999999
yolo26,s,nms,YOLO26-S (NMS),MOT17,IDSW,3,27.2,19.86756150110023,-22.153758765402085,76.55375876540208,13.6,50.0
yolo26,s,nms,YOLO26-S (NMS),MOT20,IDSW,3,18.0,31.176914536239792,-59.44774913549031,95.44774913549031,0.0,54.0
yolo26,s,nms,YOLO26-S (NMS),SOMPT22,IDSW,3,45.53333333333333,15.844662613427062,6.173009405358627,84.89365726130804,28.600000000000005,60.0
yolo26,x,end2end,YOLO26-X (E2E),MOT17,IDSW,3,28.8,26.52772134956186,-37.09851301125097,94.69851301125097,5.0,57.4
yolo26,x,end2end,YOLO26-X (E2E),MOT20,IDSW,3,13.266666666666666,22.978540713747105,-43.81519288134287,70.3485262146762,0.0,39.8
yolo26,x,end2end,YOLO26-X (E2E),SOMPT22,IDSW,3,41.333333333333336,14.358737177528297,5.664252817523796,77.00241384914287,28.8,57.0
yolo26,x,nms,YOLO26-X (NMS),MOT17,IDSW,3,25.333333333333332,25.579940057266228,-38.210760427234604,88.87742709390126,1.0,52.0
yolo26,x,nms,YOLO26-X (NMS),MOT20,IDSW,3,12.0,19.924858845171276,-37.4960932585921,61.4960932585921,0.0,35.0
yolo26,x,nms,YOLO26-X (NMS),SOMPT22,IDSW,3,34.666666666666664,7.767453465154029,15.371242589611764,53.96209074372156,26.0,41.0
rtdetr,l,nms,RT-DETR-L,MOT17,Frag,3,90.39999999999999,34.923917306052594,3.6441799779847486,177.15582002201523,64.0,130.0
rtdetr,l,nms,RT-DETR-L,MOT20,Frag,3,76.60000000000001,113.6621308967943,-205.7523857586291,358.95238575862913,8.0,207.80000000000004
rtdetr,l,nms,RT-DETR-L,SOMPT22,Frag,3,114.26666666666665,14.545560605673936,78.13349102756206,150.39984230577124,97.59999999999998,124.40000000000002
rtdetr,x,nms,RT-DETR-X,MOT17,Frag,3,90.8,31.7004731825883,12.051659086802402,169.5483409131976,68.0,127.0
rtdetr,x,nms,RT-DETR-X,MOT20,Frag,3,98.33333333333333,136.94646155827954,-241.86053631435578,438.5272029810224,9.0,256.0
rtdetr,x,nms,RT-DETR-X,SOMPT22,Frag,3,104.33333333333333,17.214335111567145,61.57055429998155,147.0961123666851,85.0,118.0
yolo11,l,nms,YOLO11-L,MOT17,Frag,3,66.8,33.39041778714367,-16.146396036142605,149.74639603614258,38.0,103.40000000000002
yolo11,l,nms,YOLO11-L,MOT20,Frag,3,40.733333333333334,65.2565194699605,-121.37284761956518,202.83951428623186,0.0,116.0
yolo11,l,nms,YOLO11-L,SOMPT22,Frag,3,104.66666666666667,14.047538337136986,69.77064692612616,139.5626864072072,90.0,118.0
yolo11,m,nms,YOLO11-M,MOT17,Frag,3,65.0,27.073972741361768,-2.2554766937172275,132.25547669371724,46.0,96.0
yolo11,m,nms,YOLO11-M,MOT20,Frag,3,67.46666666666667,96.0919004564554,-171.23884705097296,306.17218038430633,10.0,178.4
yolo11,m,nms,YOLO11-M,SOMPT22,Frag,3,117.2,9.38722536216107,93.88083946915654,140.51916053084346,111.0,128.0
yolo11,n,nms,YOLO11-N,MOT17,Frag,3,66.06666666666666,25.179621389793244,3.5170196046860127,128.6163137286473,37.0,81.2
yolo11,n,nms,YOLO11-N,MOT20,Frag,3,135.13333333333333,138.03714475942093,-207.76994358588365,478.0366102525503,3.0,278.4
yolo11,n,nms,YOLO11-N,SOMPT22,Frag,3,115.26666666666665,15.009774593022154,77.98031955526835,152.55301377806495,98.0,125.2
yolo11,s,nms,YOLO11-S,MOT17,Frag,3,70.13333333333334,27.854143916719707,0.9398040012888771,139.3268626653778,38.0,87.40000000000002
yolo11,s,nms,YOLO11-S,MOT20,Frag,3,150.20000000000002,147.54402732743876,-216.31968242761187,516.7196824276119,34.0,316.2
yolo11,s,nms,YOLO11-S,SOMPT22,Frag,3,137.33333333333334,11.846237095944574,107.9056490209617,166.76101764570498,130.0,151.0
yolo11,x,nms,YOLO11-X,MOT17,Frag,3,75.0,30.512292604784715,-0.796736731506428,150.79673673150643,54.0,110.0
yolo11,x,nms,YOLO11-X,MOT20,Frag,3,38.86666666666667,60.390838157234846,-111.15249184393122,188.88582517726456,4.0,108.59999999999998
yolo11,x,nms,YOLO11-X,SOMPT22,Frag,3,105.26666666666667,25.791729940687063,41.19645766972583,169.3368756636075,82.0,133.0
yolo26,l,end2end,YOLO26-L (E2E),MOT17,Frag,3,115.13333333333333,36.80018115897439,23.716615517081067,206.55005114958558,80.0,153.4
yolo26,l,end2end,YOLO26-L (E2E),MOT20,Frag,3,141.73333333333335,192.16881467432052,-335.6404662215065,619.1071328881732,27.600000000000005,363.6000000000001
yolo26,l,end2end,YOLO26-L (E2E),SOMPT22,Frag,3,239.26666666666665,74.8161301681217,53.41309626881397,425.1202370645193,173.0,320.4
yolo26,l,nms,YOLO26-L (NMS),MOT17,Frag,3,71.66666666666667,27.300793639257694,3.8477356266730993,139.48559770666026,53.0,103.0
yolo26,l,nms,YOLO26-L (NMS),MOT20,Frag,3,45.73333333333333,74.88399918095543,-140.28883303875887,231.7554997054255,2.0,132.2
yolo26,l,nms,YOLO26-L (NMS),SOMPT22,Frag,3,112.33333333333333,17.95364401266031,67.73400917814334,156.93265748852332,92.0,126.0
yolo26,m,end2end,YOLO26-M (E2E),MOT17,Frag,3,94.0,24.97278518707915,31.964162549336663,156.03583745066334,70.2,120.0
yolo26,m,end2end,YOLO26-M (E2E),MOT20,Frag,3,54.800000000000004,83.08742383778667,-151.6006029276292,261.20060292762923,0.0,150.4
yolo26,m,end2end,YOLO26-M (E2E),SOMPT22,Frag,3,150.26666666666665,34.04839692751089,65.68575983439277,234.84757349894053,118.2,186.0
yolo26,m,nms,YOLO26-M (NMS),MOT17,Frag,3,73.33333333333333,32.00520790954705,-6.172010607182457,152.8386772738491,51.0,110.0
yolo26,m,nms,YOLO26-M (NMS),MOT20,Frag,3,42.13333333333333,66.1698823735794,-122.24176685295868,206.50843351962533,0.0,118.40000000000002
yolo26,m,nms,YOLO26-M (NMS),SOMPT22,Frag,3,104.26666666666667,12.434360994169879,73.37800159953194,135.1553317338014,90.0,112.8
yolo26,n,end2end,YOLO26-N (E2E),MOT17,Frag,3,90.93333333333334,21.549323268570017,37.401846739179675,144.46481992748699,66.4,106.8
yolo26,n,end2end,YOLO26-N (E2E),MOT20,Frag,3,136.79999999999998,175.27954815094657,-298.61853566032426,572.2185356603242,28.0,339.0
yolo26,n,end2end,YOLO26-N (E2E),SOMPT22,Frag,3,168.53333333333333,10.782083904947752,141.74915209379637,195.3175145728703,158.6,180.0
yolo26,n,nms,YOLO26-N (NMS),MOT17,Frag,3,57.93333333333334,23.874952006932567,-1.3753353133170805,117.24200197998375,32.0,79.0
yolo26,n,nms,YOLO26-N (NMS),MOT20,Frag,3,60.93333333333334,87.83856404412207,-157.26975615466688,279.13642282133355,3.0,162.0
yolo26,n,nms,YOLO26-N (NMS),SOMPT22,Frag,3,93.93333333333334,22.07743946505874,39.08993337929588,148.7767332873708,69.0,111.0
yolo26,s,end2end,YOLO26-S (E2E),MOT17,Frag,3,87.33333333333333,32.808738673306735,5.8319083200105695,168.8347583466561,52.6,117.8
yolo26,s,end2end,YOLO26-S (E2E),MOT20,Frag,3,70.8,108.57089849494662,-198.90506334991403,340.50506334991405,0.0,195.80000000000004
yolo26,s,end2end,YOLO26-S (E2E),SOMPT22,Frag,3,193.66666666666666,64.36282570966982,33.78054408646216,353.55278924687116,121.8,246.0
yolo26,s,nms,YOLO26-S (NMS),MOT17,Frag,3,76.13333333333334,30.226699014833446,1.046050408859017,151.22061625780765,44.0,104.0
yolo26,s,nms,YOLO26-S (NMS),MOT20,Frag,3,49.400000000000006,80.93182315999066,-151.64579399244155,250.44579399244157,0.0,142.8
yolo26,s,nms,YOLO26-S (NMS),SOMPT22,Frag,3,122.39999999999999,28.126144421160888,52.530783957258066,192.2692160427419,95.0,151.2
yolo26,x,end2end,YOLO26-X (E2E),MOT17,Frag,3,136.53333333333333,57.43494871011319,-6.142988729904829,279.2096553965715,86.40000000000002,199.19999999999996
yolo26,x,end2end,YOLO26-X (E2E),MOT20,Frag,3,127.33333333333333,177.36260410056383,-313.259800167121,567.9264668337877,12.4,331.6
yolo26,x,end2end,YOLO26-X (E2E),SOMPT22,Frag,3,187.20000000000002,39.201530582363745,89.81799952201635,284.5820004779837,148.2,226.6
yolo26,x,nms,YOLO26-X (NMS),MOT17,Frag,3,73.53333333333333,33.62221487845994,-9.988878598822055,157.05554526548872,45.0,110.59999999999998
yolo26,x,nms,YOLO26-X (NMS),MOT20,Frag,3,38.266666666666666,62.823668575890515,-117.7959776332071,194.32931096654045,1.0,110.8
yolo26,x,nms,YOLO26-X (NMS),SOMPT22,Frag,3,93.26666666666667,18.221233035481802,48.00261452863538,138.53071880469795,79.8,114.0
